timestamp,result,barcode_data,focus_value,brightness_value,size_value,primary_issue
2025-11-28 12:20:03.588456,OK,0000287277,509.6302783970196,141.470400390625,0,N/A
2025-11-28 12:20:03.794186,NG,,477.99314156255724,143.89078450520833,68,Barcode too far
2025-11-28 12:20:04.619857,OK,0000296226,853.7929965408222,148.366435546875,0,N/A
2025-11-28 12:20:04.636693,OK,0000287271,853.7929965408222,148.366435546875,0,N/A
2025-11-28 12:20:04.640531,OK,0000287277,853.7929965408222,148.366435546875,0,N/A
2025-11-28 12:20:05.026818,NG,,730.8565983357323,147.56290364583333,5253,Scanning...
2025-11-28 12:20:07.086733,OK,0000296078,466.7526641672346,153.39126627604168,1916,N/A
2025-11-28 12:20:07.122374,NG,,604.2587842852168,149.16829427083334,14742,Scanning...
2025-11-28 12:20:09.229875,OK,0000296078,181.69677047458225,147.263154296875,0,N/A
2025-11-28 12:20:10.097898,NG,,389.9636620055199,144.29621419270833,24824,Scanning...
2025-11-28 12:20:10.602256,OK,0000296077,256.96568970536117,147.28872721354168,0,N/A
2025-11-28 12:20:11.413544,NG,,438.797209952418,144.03645182291666,12408,Scanning...
2025-11-28 12:20:12.214974,OK,0000296077,283.9568129508867,138.36673828125,108,N/A
2025-11-28 12:20:12.586116,NG,,419.8301161691879,146.42548177083333,12469,Scanning...
2025-11-28 12:20:13.261397,OK,0000296077,460.9278713391516,152.37599934895835,0,N/A
2025-11-28 12:20:13.675519,NG,,536.0238639207523,142.97129557291666,7062,Scanning...
2025-11-28 12:20:15.381631,NG,,264.17780890476445,145.264912109375,0,Barcode too far
2025-11-28 12:20:15.625362,OK,0000296080,660.0374089589012,147.33421549479166,0,N/A
2025-11-28 12:20:15.625362,OK,0000296226,686.917767031818,147.59366536458333,0,N/A
2025-11-28 12:20:16.741414,OK,0000287271,211.65733543522094,153.15804036458334,0,N/A
2025-11-28 12:20:16.741414,OK,0000287277,211.65733543522094,153.15804036458334,0,N/A
2025-11-28 12:20:17.291911,NG,,303.05794133148197,125.07249348958334,0,Barcode too far
2025-11-28 12:24:18.612379,NG,,1012.5371507729425,132.79582356770834,11286,Scanning...
2025-11-28 12:24:20.745382,OK,0000287277,864.6221104130109,137.72165690104165,0,N/A
2025-11-28 12:24:26.180217,OK,0000287271,523.5565045099786,134.20694986979166,0,N/A
2025-11-28 12:24:26.214369,NG,,517.6042173731487,134.23285807291666,0,Barcode too far
2025-11-28 12:24:27.181049,OK,0000287271,888.3505037124529,135.12652669270832,0,N/A
2025-11-28 12:24:27.282039,NG,,993.7852287723857,134.458466796875,12974,Scanning...
2025-11-28 12:24:28.195443,OK,0000287277,505.0079056832949,143.12143229166668,0,N/A
2025-11-28 12:24:28.728307,NG,,866.7440256728172,150.50681640625,15048,Scanning...
2025-11-28 12:24:29.210848,OK,0000287277,833.8595148973994,152.16678059895833,32,N/A
2025-11-28 12:24:29.743995,NG,,445.88717420789925,150.10824544270832,0,Barcode too far
2025-11-28 12:24:30.327236,OK,0000287271,952.2340311047762,150.97141927083334,0,N/A
2025-11-28 12:24:30.909192,NG,,665.9557552032047,149.99226888020834,0,Barcode too far
2025-11-28 12:24:31.642207,OK,0000287271,656.4355547009679,149.22274739583332,0,N/A
2025-11-28 12:24:31.642207,OK,0000287277,656.4355547009679,149.22274739583332,0,N/A
2025-11-28 12:24:32.148299,NG,,593.3816568908586,149.27904296875,6272,Scanning...
2025-11-28 12:24:41.819371,OK,0000287277,598.7780493972674,150.36655924479166,0,N/A
2025-11-28 12:24:41.949009,NG,,806.6018466917251,149.26497395833334,5362,Scanning...
2025-11-28 12:24:42.914035,OK,0000296226,1046.4396186191136,138.22041666666667,36,N/A
2025-11-28 12:24:42.929527,OK,0000287271,1046.4396186191136,138.22041666666667,36,N/A
2025-11-28 12:24:42.965367,NG,,1006.0576447238498,137.88171875,11060,Scanning...
2025-11-28 12:24:44.013073,NG,,1345.9350912441248,143.184462890625,8959,Scanning...
2025-11-28 12:24:45.035574,NG,,1114.5124416554343,146.03051432291667,5796,Scanning...
2025-11-28 12:24:46.060575,NG,,1190.9848447214338,140.46315755208335,7756,Scanning...
2025-11-28 12:24:47.076650,NG,,1091.6569086329143,137.75096354166666,538,Barcode too far
2025-11-28 12:24:48.463358,NG,,875.3157664675286,143.36997721354166,0,Barcode too far
2025-11-28 12:24:49.202662,OK,0000287271,1073.2585885409883,142.65751953125,0,N/A
2025-11-28 12:24:49.453889,NG,,971.0890145121257,142.14047200520832,0,Barcode too far
2025-11-28 12:24:50.526031,NG,,1007.9581739034016,137.25356119791667,0,Barcode too far
2025-11-28 12:24:55.912683,OK,0000296226,724.6524990219117,150.29219075520834,16,N/A
2025-11-28 12:24:55.938657,NG,,793.9346457004124,150.38073567708332,13776,Scanning...
2025-11-28 12:24:56.967261,OK,0000287277,1212.3262225501908,150.61521809895834,0,N/A
2025-11-28 12:24:57.005181,NG,,1188.7917450429175,150.78373697916666,6780,Scanning...
2025-11-28 12:24:58.099261,OK,0000287271,907.3091849110815,150.45648111979168,3400,N/A
2025-11-28 12:24:58.137819,NG,,950.2114825641206,150.35107096354167,0,Barcode too far
2025-11-28 12:24:59.114864,OK,0000287271,968.1786210817869,150.68308919270834,338,N/A
2025-11-28 12:24:59.133867,OK,0000287277,968.1786210817869,150.68308919270834,338,N/A
2025-11-28 12:24:59.155749,NG,,975.160625162718,150.66490885416667,0,Barcode too far
2025-11-28 12:25:00.347059,OK,0000296226,842.1865527658993,146.159501953125,0,N/A
2025-11-28 12:25:00.414713,NG,,949.5474083224827,145.52998046875,900,Barcode too far
2025-11-28 12:25:01.361188,OK,0000296226,1103.4501425242001,144.3287109375,0,N/A
2025-11-28 12:25:01.433801,NG,,1141.3351081593405,144.95708658854167,0,Barcode too far
2025-11-28 12:25:02.478326,OK,0000287271,1034.6829998240048,145.17066731770834,0,N/A
2025-11-28 12:25:02.515956,NG,,1143.4293277913305,145.941279296875,0,Barcode too far
2025-11-28 12:25:05.729854,OK,0000296080,1032.1489623463526,148.12078125,5031,N/A
2025-11-28 12:25:06.003955,NG,,610.3384244384343,145.75993815104167,0,Barcode too far
2025-11-28 12:25:06.846596,OK,0000296080,1022.1607218722874,146.90020833333332,4,N/A
2025-11-28 12:25:07.024319,NG,,989.0889092636004,147.09675130208333,8725,Scanning...
2025-11-28 12:25:07.881829,OK,0000296080,1157.207796250407,150.63421875,10592,N/A
2025-11-28 12:25:08.035408,NG,,1195.1868638457825,149.96160481770832,14812,Scanning...
2025-11-28 12:25:08.888742,OK,0000296080,881.5198603675734,151.36346028645832,0,N/A
2025-11-28 12:25:09.058016,NG,,728.976949559943,154.20511393229165,9947,Scanning...
2025-11-28 12:25:10.020993,OK,0000296078,744.0596106981807,147.10417643229167,1215,N/A
2025-11-28 12:25:10.061806,NG,,838.7447102798354,146.68736653645834,5670,Scanning...
2025-11-28 12:25:11.156998,OK,0000296080,552.6426110369259,147.409111328125,0,N/A
2025-11-28 12:25:11.319265,NG,,569.704398065143,150.84573567708333,748,Barcode too far
2025-11-28 12:25:12.169072,OK,0000296080,1141.797190022267,144.19798177083334,1508,N/A
2025-11-28 12:25:12.343858,NG,,968.4509308621617,143.69146809895832,10948,Scanning...
2025-11-28 12:25:13.836874,OK,0000296078,902.5497323722732,143.77145833333333,2436,N/A
2025-11-28 12:25:13.868327,NG,,879.3344293204309,144.049814453125,3200,Barcode too far
2025-11-28 12:25:14.849695,OK,0000296080,829.5643779232344,145.455986328125,0,N/A
2025-11-28 12:25:15.124253,NG,,667.9089477792951,145.36697916666665,0,Barcode too far
2025-11-28 12:25:16.114705,OK,0000296080,1241.0314131571029,147.35774088541666,0,N/A
2025-11-28 12:25:16.251777,NG,,1193.1450779403683,147.28408528645832,10982,Scanning...
2025-11-28 12:25:17.430874,NG,,961.6476931505732,151.13544596354166,5814,Scanning...
2025-11-28 12:25:17.983215,OK,0000296079,678.9012524634043,145.69255533854167,0,N/A
2025-11-28 12:25:18.629172,NG,,1109.5275477154944,143.42824869791667,7061,Scanning...
2025-11-28 12:25:19.616345,OK,0000296079,1295.9948165350597,149.190576171875,0,N/A
2025-11-28 12:25:19.625337,OK,0000296078,1295.9948165350597,149.190576171875,0,N/A
2025-11-28 12:25:19.651274,NG,,1137.7699603271378,148.50444010416666,9193,Scanning...
2025-11-28 12:25:24.248452,NG,,1031.0736522735492,133.02902018229167,1107,Barcode too far
2025-11-28 12:25:24.296694,OK,0000287277,990.7285768315528,132.68650390625,0,N/A
2025-11-28 12:25:24.296694,OK,J000287277,990.7285768315528,132.68650390625,0,N/A
2025-11-28 12:25:25.255987,NG,,501.2125347395897,142.25370442708333,0,Barcode too far
2025-11-28 12:25:25.505768,OK,0000287277,465.1635341524655,147.56790364583333,0,N/A
2025-11-28 12:25:30.668757,NG,,1224.3480333033247,149.865595703125,10506,Scanning...
2025-11-28 12:25:30.862504,OK,0000296077,1006.973449969991,145.1638671875,2988,N/A
2025-11-28 12:25:31.666387,NG,,1159.4544026373862,150.20512369791666,8073,Scanning...
2025-11-28 12:25:32.384176,OK,0000296080,781.705861010223,142.55904947916667,0,N/A
2025-11-28 12:25:32.931765,NG,,717.2916234882673,147.66538736979166,9900,Scanning...
2025-11-28 12:25:33.514580,OK,0000296080,689.6848249579112,144.54749348958333,0,N/A
2025-11-28 12:25:33.969500,NG,,936.9158018739382,151.364912109375,2310,Barcode too far
2025-11-28 12:25:34.513525,OK,0000287271,619.063619567776,136.35066080729166,0,N/A
2025-11-28 12:25:34.988648,NG,,695.5404501747977,132.94938151041666,0,Barcode too far
2025-11-28 12:25:36.766440,NG,,794.7530846187908,138.703720703125,360,Barcode too far
2025-11-28 12:25:43.283995,OK,0000287271,821.8723243329262,131.727236328125,48,N/A
2025-11-28 12:25:43.322319,NG,,823.2050262412072,131.642646484375,12934,Scanning...
2025-11-28 12:25:44.310780,OK,0000287277,492.8081121456465,147.69602864583334,0,N/A
2025-11-28 12:25:44.340990,NG,,750.7511948181153,148.019267578125,406,Barcode too far
2025-11-28 12:25:45.369554,OK,0000296226,857.7619433592796,150.1144140625,0,N/A
2025-11-28 12:25:45.407909,NG,,1071.5505257154678,150.71973307291665,14436,Scanning...
2025-11-28 12:25:46.435198,OK,0000296226,880.5484926622072,145.93810872395832,32,N/A
2025-11-28 12:25:46.435198,OK,0000287271,880.5484926622072,145.93810872395832,32,N/A
2025-11-28 12:25:46.477047,NG,,942.9120017529704,144.45548502604166,14478,Scanning...
2025-11-28 12:25:47.450941,OK,0000296080,1024.2721965903283,147.81355794270834,15192,N/A
2025-11-28 12:25:47.488352,NG,,1004.8679145099958,147.66589192708332,18810,Scanning...
2025-11-28 12:25:48.483323,OK,0000296080,991.7514493886207,151.70168294270835,4823,N/A
2025-11-28 12:25:48.494349,OK,0000296226,991.7514493886207,151.70168294270835,4823,N/A
2025-11-28 12:25:48.523985,NG,,963.2517197267213,150.94106770833332,14313,Scanning...
2025-11-28 12:25:49.521829,OK,0000296079,943.5888681317542,146.76201171875,5328,N/A
2025-11-28 12:25:49.553029,NG,,952.9175873971622,146.60556640625,10199,Scanning...
2025-11-28 12:25:50.798280,OK,0000296079,590.8656441236708,146.86937174479166,0,N/A
2025-11-28 12:25:50.806180,OK,0000296078,590.8656441236708,146.86937174479166,0,N/A
2025-11-28 12:29:36.980703,NG,,1029.8236165473832,133.48857747395834,1460,Barcode too far
2025-11-28 12:29:37.972856,OK,0000287277,1061.1297771012623,139.93577799479166,303,N/A
2025-11-28 12:29:38.009657,NG,,1251.4732700055329,140.38505859375,11505,Scanning...
2025-11-28 12:29:45.970417,OK,0000287271,623.5188651906226,144.035224609375,0,N/A
2025-11-28 12:29:46.101316,NG,,904.6538201695654,145.38144205729168,16206,Scanning...
2025-11-28 12:29:47.132997,NG,,839.3771724851822,146.175537109375,14469,Scanning...
2025-11-28 12:29:49.375765,NG,,937.0900128292401,137.773212890625,16243,Scanning...
2025-11-28 12:29:49.417816,OK,0000287271,812.802065423065,137.79124348958334,56,N/A
2025-11-28 12:29:50.379947,NG,,1024.2417383082072,139.90860026041668,15925,Scanning...
2025-11-28 12:29:50.429719,OK,0000287271,981.34317037451,139.21306315104167,2,N/A
2025-11-28 12:29:50.440840,OK,0000287277,981.34317037451,139.21306315104167,2,N/A
2025-11-28 12:29:53.528840,OK,0000287277,874.982025857279,131.23882161458334,0,N/A
2025-11-28 12:29:53.560669,NG,,885.3365537207285,131.61572916666665,10,Barcode too far
2025-11-28 12:29:55.766814,OK,0000287271,856.7953282596907,133.372138671875,0,N/A
2025-11-28 12:29:55.795226,NG,,786.980277007675,133.42904947916668,0,Barcode too far
2025-11-28 12:29:56.773564,OK,0000287271,1099.3713819528791,135.34996419270834,4836,N/A
2025-11-28 12:29:56.789925,OK,0000287277,1114.8506983591294,135.52014973958333,4836,N/A
2025-11-28 12:29:56.815398,NG,,1053.3567719650162,135.32765950520835,8096,Scanning...
2025-11-28 12:29:57.872470,OK,0000287277,845.3298854895273,134.20165690104167,0,N/A
2025-11-28 12:29:57.940837,NG,,828.0718773853616,134.02739908854167,0,Barcode too far
2025-11-28 12:30:00.476765,OK,0000287271,764.657421128845,128.59353190104167,0,N/A
2025-11-28 12:30:00.508654,NG,,1215.7068704879655,130.31154296875,7860,Scanning...
2025-11-28 12:30:01.552118,OK,0000287271,1131.461447529941,134.69679361979166,1212,N/A
2025-11-28 12:30:01.573201,NG,,1092.8993522005612,134.713212890625,7236,Scanning...
2025-11-28 12:30:02.568041,OK,0000287271,989.4909664652083,135.81774739583332,0,N/A
2025-11-28 12:30:02.602543,NG,,1079.8943213214454,135.835576171875,12300,Scanning...
2025-11-28 12:30:03.700445,OK,0000287277,745.6956410399966,151.74583984375,0,N/A
2025-11-28 12:30:03.722867,NG,,780.0925026295025,152.98383138020833,2025,Barcode too far
2025-11-28 12:30:04.749461,OK,0000287277,648.2207916131655,149.38011067708334,0,N/A
2025-11-28 12:30:04.770206,NG,,512.8170667961012,148.43464192708333,0,Barcode too far
2025-11-28 12:30:05.764659,OK,0000296226,524.0917739804477,145.46961588541666,0,N/A
2025-11-28 12:30:05.781335,OK,0000287277,524.0917739804477,145.46961588541666,0,N/A
2025-11-28 12:30:05.805628,NG,,599.3475277669272,144.661748046875,0,Barcode too far
2025-11-28 12:32:37.638524,NG,,1075.6877926634788,132.13431315104165,1644,Barcode too far
2025-11-28 12:32:38.647986,NG,,1382.6548596475814,131.222451171875,8525,Scanning...
2025-11-28 12:32:39.658973,NG,,1057.0127517755193,139.08106770833334,2412,Barcode too far
2025-11-28 12:32:40.680254,NG,,860.8720389589838,142.368740234375,3915,Barcode too far
2025-11-28 12:32:41.949546,NG,,892.5780003712548,143.42842447916667,3471,Barcode too far
2025-11-28 12:32:42.952679,NG,,957.9152237120628,141.34599609375,2980,Barcode too far
2025-11-28 12:32:44.039302,OK,0000296079,899.9796252804967,139.45912109375,1920,N/A
2025-11-28 12:32:44.076448,NG,,670.683736976454,138.09835611979167,315,Barcode too far
2025-11-28 12:32:45.058686,OK,0000296079,855.7947257078384,148.72268880208333,4,N/A
2025-11-28 12:32:45.080701,NG,,590.7834374592675,147.72786458333334,0,Barcode too far
2025-11-28 12:32:46.107788,NG,,842.6649856139712,151.86226888020835,0,Barcode too far
2025-11-28 12:32:46.240976,OK,0000296077,864.2824902277521,149.84452799479166,0,N/A
2025-11-28 12:32:47.423122,NG,,478.40635585937514,163.83880859375,0,Barcode too far
2025-11-28 12:32:47.473242,OK,0000296077,649.0557409199079,161.42546549479167,0,N/A
2025-11-28 12:32:48.705558,OK,0000296078,943.8748835898398,152.337646484375,4,N/A
2025-11-28 12:32:48.727470,NG,,948.6436628671858,151.98229166666667,8277,Scanning...
2025-11-28 12:32:49.911899,NG,,785.7901032382542,146.373173828125,6,Barcode too far
2025-11-28 12:32:50.945455,OK,0000287271,778.1039545224402,152.029951171875,0,N/A
2025-11-28 12:32:50.974801,NG,,625.6900615318192,151.21472330729168,0,Barcode too far
2025-11-28 12:32:52.101844,NG,,1087.1390074691662,142.82789713541666,3234,Barcode too far
2025-11-28 12:32:52.152229,OK,0000287271,1301.7101040991781,143.18648763020835,2718,N/A
2025-11-28 12:32:53.134213,NG,,864.6823298134697,136.10300130208333,0,Barcode too far
2025-11-28 12:35:45.662963,NG,,958.9024335034584,134.072158203125,3484,Barcode too far
2025-11-28 12:35:50.020969,NG,,1087.6991795898434,130.446865234375,263,Barcode too far
2025-11-28 12:35:51.106434,NG,,965.7347796425712,139.03209635416667,5073,Scanning...
2025-11-28 12:35:52.402752,NG,,838.5752029267944,140.46434244791666,0,Barcode too far
2025-11-28 12:35:53.408798,OK,0000296226,769.3960833256936,149.262255859375,0,N/A
2025-11-28 12:35:53.557291,NG,,653.7744289397768,149.52908203125,6630,Scanning...
2025-11-28 12:35:54.606678,NG,,719.2185481414372,142.75381510416668,3250,Barcode too far
2025-11-28 12:35:55.819060,NG,,781.8487065632715,146.353349609375,8432,Scanning...
2025-11-28 12:35:55.903178,OK,0000296077,770.5169036349824,147.59597005208335,0,N/A
2025-11-28 12:35:57.362957,NG,,623.7153524565698,145.86013020833335,0,Barcode too far
2025-11-28 12:35:58.371037,NG,,770.3902622551814,151.75369140625,4176,Barcode too far
2025-11-28 12:36:01.379159,NG,,856.2764523929915,139.430625,28,Barcode too far
2025-11-28 12:36:02.391814,NG,,725.3452791564836,145.94151041666666,0,Barcode too far
2025-11-28 12:36:03.490482,NG,,813.1376939127603,147.11084309895833,0,Barcode too far
2025-11-28 12:36:04.047358,OK,0000296080,1365.25207120764,147.52100260416665,0,N/A
2025-11-28 12:36:04.480626,NG,,1387.563294422361,139.8571484375,7975,Scanning...
2025-11-28 12:36:05.512988,NG,,869.3192325099944,150.73970703125,9928,Scanning...
2025-11-28 12:36:05.912482,OK,0000296078,1357.4318556370106,147.7037109375,7944,N/A
2025-11-28 12:36:05.917195,OK,0000296080,1357.4318556370106,147.7037109375,7944,N/A
2025-11-28 12:36:06.528212,NG,,805.2263948755793,147.45046875,0,Barcode too far
2025-11-28 12:36:07.277478,OK,0000296078,825.8117862361909,144.93118815104165,22,N/A
2025-11-28 12:36:07.676660,NG,,457.14990989579104,144.79180338541667,0,Barcode too far
2025-11-28 12:36:09.060321,NG,,760.305710508124,144.00409505208333,1824,Barcode too far
2025-11-28 12:36:09.288928,OK,0000287271,1134.817951030212,139.47547200520833,0,N/A
2025-11-28 12:37:27.287201,NG,,1144.0625812581277,133.35538411458333,11581,Scanning...
2025-11-28 12:37:27.325856,OK,0000287277,1115.5932366917823,132.76080729166668,0,N/A
2025-11-28 12:37:28.881919,OK,0000287271,1121.8544415422969,142.87125651041666,0,N/A
2025-11-28 12:37:29.414053,NG,,981.2334251169734,137.19496419270834,11104,Scanning...
2025-11-28 12:37:30.160332,OK,0000287277,692.6453165753575,141.17771158854165,0,N/A
2025-11-28 12:37:30.418447,NG,,991.2317846136724,143.6251171875,10137,Scanning...
2025-11-28 12:37:31.178790,OK,0000296226,999.7982224798837,148.23115234375,20,N/A
2025-11-28 12:37:31.591840,NG,,976.1470139685314,150.081298828125,11270,Scanning...
2025-11-28 12:37:32.359749,OK,0000296080,791.9109923844973,147.93361979166667,0,N/A
2025-11-28 12:37:32.610589,NG,,953.0761132489416,145.99902994791665,15980,Scanning...
2025-11-28 12:37:33.393317,OK,0000296078,700.8198663730196,147.37461263020833,16560,N/A
2025-11-28 12:37:33.398889,OK,0000296080,700.8198663730196,147.37461263020833,16560,N/A
2025-11-28 12:37:33.647981,NG,,598.1206829314762,150.886533203125,0,Barcode too far
2025-11-28 12:37:34.459648,OK,0000296079,799.7569262644028,146.35837239583333,0,N/A
2025-11-28 12:37:34.884726,NG,,591.2535924960666,147.26555338541667,342,Barcode too far
2025-11-28 12:37:36.092467,NG,,839.7965536455685,146.47177734375,0,Barcode too far
2025-11-28 12:37:36.697646,OK,0000296078,852.3602509297264,140.933603515625,0,N/A
2025-11-28 12:37:37.103808,NG,,769.3579092722468,147.19516276041668,30,Barcode too far
2025-11-28 12:37:38.465430,NG,,428.59695173640785,147.19552083333335,0,Barcode too far
2025-11-28 12:37:39.802028,OK,0000296080,932.861490557183,149.701796875,2,N/A
2025-11-28 12:37:40.028844,NG,,812.3503402314824,149.908076171875,13376,Scanning...
2025-11-28 12:37:40.869286,OK,0000287271,564.1141876281633,146.16181640625,0,N/A
2025-11-28 12:37:41.211847,NG,,834.8254816278987,139.13380208333334,5291,Scanning...
2025-11-28 12:37:42.084918,OK,0000287277,445.71218983951144,153.30765299479165,0,N/A
2025-11-28 12:37:43.105326,OK,0000296226,666.9463313799434,146.42485677083334,0,N/A
2025-11-28 12:37:43.138284,NG,,795.7287325370679,148.90361328125,7539,Scanning...
2025-11-28 12:37:44.282577,OK,0000287271,630.481097426086,146.93739583333334,0,N/A
2025-11-28 12:37:44.307054,NG,,882.5214207389726,147.01042317708334,2772,Barcode too far
2025-11-28 12:37:46.685891,NG,,711.1423692599826,145.71310546875,0,Barcode too far
2025-11-28 12:37:46.772650,OK,0000287271,1000.6010776163315,147.50651041666666,30,N/A
2025-11-28 12:37:47.779080,NG,,793.6734688415104,146.51830403645835,6650,Scanning...
2025-11-28 12:37:52.754067,NG,,743.5458356505924,131.37250325520833,4888,Barcode too far
2025-11-28 12:37:53.452552,OK,0000287277,602.3288052103254,139.967802734375,0,N/A
2025-11-28 12:37:53.761281,NG,,644.8725928527407,142.68606770833333,13490,Scanning...
2025-11-28 12:37:54.485289,OK,0000287271,775.968105312337,143.70498372395832,0,N/A
2025-11-28 12:37:54.771921,NG,,1055.3547578692007,140.75467447916665,2904,Barcode too far
2025-11-28 12:37:55.504871,OK,0000296226,1170.4108706145814,143.40248697916667,0,N/A
2025-11-28 12:37:55.794444,NG,,1022.4243830583255,143.40855143229166,14520,Scanning...
2025-11-28 12:37:56.537572,OK,0000287271,742.587624575297,144.12556640625,0,N/A
2025-11-28 12:37:56.815895,NG,,502.0234388414912,146.54558919270832,10,Barcode too far
2025-11-28 12:37:57.569652,OK,0000296226,918.6870674255265,144.01458658854168,3560,N/A
2025-11-28 12:37:57.924346,NG,,941.0406045870359,143.88600260416666,7119,Scanning...
2025-11-28 12:37:58.785069,OK,0000296226,918.1143890040081,145.08396809895834,0,N/A
2025-11-28 12:37:58.931571,NG,,643.9896659300061,145.47328776041667,0,Barcode too far
2025-11-28 12:38:00.303284,NG,,674.6963540037366,136.90380859375,12395,Scanning...
2025-11-28 12:38:00.674471,OK,0000296080,1097.7087531555069,142.92544596354168,108,N/A
2025-11-28 12:38:01.365775,NG,,618.8001247760351,136.799970703125,0,Barcode too far
2025-11-28 12:38:02.750720,NG,,732.4513427159523,151.86641927083335,6741,Scanning...
2025-11-28 12:38:03.238790,OK,0000296080,665.9935866630449,153.923251953125,144,N/A
2025-11-28 12:38:03.771994,NG,,592.5104689693451,149.17213216145834,0,Barcode too far
2025-11-28 12:38:04.828204,NG,,905.3695137562114,144.84020833333332,6640,Scanning...
2025-11-28 12:40:11.504977,NG,,1357.122003511386,131.96408854166665,5328,Barcode too far
2025-11-28 12:40:12.424486,OK,0000296077,886.2697344144083,144.82553385416668,9824,N/A
2025-11-28 12:40:12.538528,NG,,501.82817887624105,146.14852864583332,38,Barcode too far
2025-11-28 12:40:13.436526,OK,0000296079,745.2536172474755,146.61946940104167,0,N/A
2025-11-28 12:40:13.922992,NG,,965.7008566273586,141.43322265625,9951,Scanning...
2025-11-28 12:40:14.762370,OK,0000296080,941.700173349974,138.58895833333332,0,N/A
2025-11-28 12:40:14.767920,OK,0000296079,941.700173349974,138.58895833333332,0,N/A
2025-11-28 12:40:14.924614,NG,,907.2226528950905,144.93689778645833,9796,Scanning...
2025-11-28 12:40:15.967342,NG,,660.9618383276621,147.07922200520832,0,Barcode too far
2025-11-28 12:40:16.118077,OK,0000296080,1049.2755562700802,148.35683919270832,0,N/A
2025-11-28 12:40:17.822867,OK,0000287271,511.0333648138683,158.73905598958333,0,N/A
2025-11-28 12:40:18.178540,NG,,710.4127124226463,144.67160807291665,8294,Scanning...
2025-11-28 12:40:18.964461,OK,0000287271,775.670739768092,158.99462890625,3110,N/A
2025-11-28 12:40:19.190864,NG,,478.8489485671891,150.86521484375,344,Barcode too far
2025-11-28 12:40:19.980153,OK,0000296080,934.6470538761457,141.125107421875,11040,N/A
2025-11-28 12:40:20.334978,NG,,1034.2659386386451,140.15879557291666,6422,Barcode too far
2025-11-28 12:40:21.129049,OK,0000296077,661.5614706291093,156.9715234375,738,N/A
2025-11-28 12:40:21.438809,NG,,558.1033817798932,157.26045572916667,14840,Scanning...
2025-11-28 12:43:21.929255,OK,0000287277,855.802650257704,135.324072265625,0,N/A
2025-11-28 12:43:21.968830,NG,,1070.030956304667,136.27509765625,11520,Scanning...
2025-11-28 12:43:22.984303,NG,,850.3474780798596,146.833740234375,2691,Barcode too far
2025-11-28 12:43:23.117624,OK,0000287271,872.1299671015315,146.83803385416667,0,N/A
2025-11-28 12:43:24.016658,NG,,680.8872899339043,153.67291341145832,6688,Scanning...
2025-11-28 12:43:24.302345,OK,0000296226,997.5976202690974,146.05843098958334,0,N/A
2025-11-28 12:43:25.029923,NG,,1103.6055433008833,149.23889973958333,8904,Scanning...
2025-11-28 12:43:25.332167,OK,0000296080,1057.1925356205302,147.551103515625,2584,N/A
2025-11-28 12:43:26.205025,NG,,938.3814939201249,144.88246744791667,10164,Scanning...
2025-11-28 12:43:27.115842,OK,0000296078,983.5444225374753,145.71888997395834,4068,N/A
2025-11-28 12:43:27.115842,OK,0000296080,983.5444225374753,145.71888997395834,4068,N/A
2025-11-28 12:43:27.410602,NG,,1108.2202270456526,140.975712890625,13416,Scanning...
2025-11-28 12:43:28.909730,OK,0000296080,462.1378866589756,144.15826171875,30,N/A
2025-11-28 12:43:28.932223,NG,,733.0583863410843,145.50038411458334,13906,Scanning...
2025-11-28 12:43:29.994237,NG,,529.7726936339908,154.52873046875,23769,Scanning...
2025-11-28 12:43:30.127224,OK,0000287277,381.8608349352412,165.349814453125,0,N/A
2025-11-28 12:43:31.009883,NG,,900.3750803761375,134.03346354166666,18369,Scanning...
2025-11-28 12:43:31.409992,OK,0000287277,316.2382471026951,149.47505208333334,0,N/A
2025-11-28 12:43:32.026090,NG,,899.7704581947219,146.74721028645834,11055,Scanning...
2025-11-28 12:43:32.491846,OK,0000296226,826.6634175727738,147.722509765625,0,N/A
2025-11-28 12:43:33.041251,NG,,846.2188432067874,136.71192057291665,0,Barcode too far
2025-11-28 12:43:33.523898,OK,0000296080,889.0472396125689,146.797060546875,9528,N/A
2025-11-28 12:43:34.672819,OK,0000296080,752.3436490351253,149.36482747395834,0,N/A
2025-11-28 12:43:34.711159,NG,,863.4413647257062,149.23979166666666,12765,Scanning...
2025-11-28 12:43:36.044487,OK,0000296078,1021.8800651656153,144.87652018229167,5856,N/A
2025-11-28 12:43:36.048797,OK,0000296080,1051.5289974572815,145.21047526041667,5856,N/A
2025-11-28 12:43:36.077709,NG,,650.2494189427588,142.902412109375,0,Barcode too far
2025-11-28 12:43:38.527837,NG,,1171.0686963750095,145.082021484375,12840,Scanning...
2025-11-28 12:43:38.568533,OK,0000296080,950.9274972452693,143.811806640625,0,N/A
2025-11-28 12:43:39.518315,NG,,902.73510942315,141.603955078125,2849,Barcode too far
2025-11-28 12:43:39.684630,OK,0000296078,1326.468599559773,143.11896809895833,14144,N/A
2025-11-28 12:43:39.696947,OK,0000296080,1326.468599559773,143.11896809895833,14144,N/A
2025-11-28 12:43:41.067122,OK,0000296080,882.3817377360025,146.21179361979168,0,N/A
2025-11-28 12:43:41.089181,NG,,900.5257444254448,146.84723307291668,20041,Scanning...
2025-11-28 12:43:42.148910,OK,0000296226,1163.2714484347873,140.04377604166666,0,N/A
2025-11-28 12:43:42.165523,OK,0000287271,1163.2714484347873,140.04377604166666,0,N/A
2025-11-28 12:43:42.192365,NG,,1145.0162463085496,139.456875,11936,Scanning...
2025-11-28 12:43:44.259635,NG,,545.4819836039119,149.516865234375,1735,Barcode too far
2025-11-28 12:43:44.596534,OK,0000287277,804.1792599554699,145.62263671875,0,N/A
2025-11-28 12:43:45.312792,NG,,891.1661392942641,132.99720377604166,13571,Scanning...
2025-11-28 12:43:45.645489,OK,0000287271,1010.8135621619223,137.78305989583333,0,N/A
2025-11-28 12:43:46.611602,NG,,568.3888502006424,148.67325520833333,4354,Barcode too far
2025-11-28 12:45:57.875517,NG,,954.9329260367396,139.16294596354166,9240,Scanning...
2025-11-28 12:45:58.406459,OK,0000287271,886.3839139382998,142.59748372395833,16,N/A
2025-11-28 12:45:58.863460,NG,,957.0758072711521,150.57568359375,11914,Scanning...
2025-11-28 12:45:59.431171,OK,0000287271,687.386308569336,150.8541796875,0,N/A
2025-11-28 12:45:59.941958,NG,,470.4197270507707,151.22994466145835,48,Barcode too far
2025-11-28 12:46:01.044066,OK,0000296226,913.993043102254,143.88641927083333,0,N/A
2025-11-28 12:46:01.080376,NG,,1231.8040454876266,143.43856119791667,8316,Scanning...
2025-11-28 12:46:02.095377,NG,,949.9006452390881,145.87088216145833,7800,Scanning...
2025-11-28 12:46:02.443760,OK,0000296078,1260.9865939805663,143.21180338541666,0,N/A
2025-11-28 12:46:05.582286,NG,,749.2508427891097,152.77746744791668,0,Barcode too far
2025-11-28 12:46:06.578980,NG,,769.8572150588035,146.017099609375,3487,Barcode too far
2025-11-28 12:46:07.132527,OK,0000296226,596.6456263948971,145.68697916666667,0,N/A
2025-11-28 12:46:08.040493,NG,,811.6694972315471,145.31265625,15662,Scanning...
2025-11-28 12:46:08.295065,OK,0000287271,694.5122222289934,140.75137369791668,6320,N/A
2025-11-28 12:46:09.605172,OK,0000287271,690.204928283649,139.039296875,0,N/A
2025-11-28 12:46:10.515395,NG,,615.9555270724827,137.17025065104167,0,Barcode too far
2025-11-28 12:46:10.936872,OK,0000287271,950.2788676540691,144.68906901041666,9048,N/A
2025-11-28 12:46:11.536541,NG,,646.4725283837954,147.57068684895833,4508,Barcode too far
2025-11-28 12:46:11.952297,OK,0000296226,904.8508857734573,148.90061197916665,8,N/A
2025-11-28 12:46:11.966569,OK,0000287271,904.8508857734573,148.90061197916665,8,N/A
2025-11-28 12:46:12.634863,NG,,1331.9936879053753,145.67302408854167,5886,Barcode too far
2025-11-28 12:47:26.113563,OK,0000287271,859.6411932733216,150.033974609375,4050,N/A
2025-11-28 12:47:26.279171,NG,,575.6234736190796,151.14388020833334,19800,Scanning...
2025-11-28 12:47:27.361818,OK,0000287271,579.5098502451153,150.45667317708333,0,N/A
2025-11-28 12:47:27.384697,NG,,890.0531785071055,151.33581380208332,3402,Barcode too far
2025-11-28 12:47:28.394105,OK,0000296226,1225.6673216018567,152.074296875,1900,N/A
2025-11-28 12:47:28.394105,OK,0000287271,1225.6673216018567,152.074296875,1900,N/A
2025-11-28 12:47:28.437340,NG,,1129.5396794916687,152.21716145833332,9120,Scanning...
2025-11-28 12:47:29.443263,OK,0000287271,779.2873060943178,145.29168294270832,60,N/A
2025-11-28 12:47:31.717043,OK,0000296226,697.0240130869123,141.86848307291666,0,N/A
2025-11-28 12:47:31.980269,NG,,628.7617902628157,143.511845703125,0,Barcode too far
2025-11-28 12:47:32.906313,OK,0000296080,916.5649924712711,152.748974609375,32,N/A
2025-11-28 12:47:33.191811,NG,,693.8304536577756,154.78202473958333,20237,Scanning...
2025-11-28 12:47:39.707669,NG,,853.8773187330457,141.66160807291666,8211,Scanning...
2025-11-28 12:47:40.952147,OK,0000296080,1064.2327677917374,143.09999674479167,3470,N/A
2025-11-28 12:47:40.999080,NG,,707.8292303975423,142.34732096354168,0,Barcode too far
2025-11-28 12:47:42.262345,NG,,1043.8283103937677,141.80693033854166,361,Barcode too far
2025-11-28 12:47:42.548166,OK,0000296226,871.6110610503727,144.17451822916667,0,N/A
2025-11-28 12:47:49.833401,NG,,870.6201861317528,139.16290364583332,11916,Scanning...
2025-11-28 12:47:51.881718,OK,0000287271,1058.6814776261647,140.62627278645834,0,N/A
2025-11-28 12:47:51.938349,NG,,1007.5350625902705,140.30391927083335,4008,Barcode too far
2025-11-28 12:47:52.936755,OK,0000287271,689.2992959213257,147.28194010416667,0,N/A
2025-11-28 12:47:52.975613,NG,,924.0115427896715,148.40364583333334,3470,Barcode too far
2025-11-28 12:47:54.052365,NG,,840.9703953001235,143.93771484375,3300,Barcode too far
2025-11-28 12:47:54.102345,OK,0000287271,820.0172319823794,143.38814453125,0,N/A
2025-11-28 12:47:55.486084,NG,,704.252885039902,143.88080729166666,0,Barcode too far
2025-11-28 12:47:56.502117,NG,,736.3362199663692,147.1232421875,7722,Scanning...
2025-11-28 12:47:57.036129,OK,0000296226,376.112963569122,153.315068359375,0,N/A
2025-11-28 12:47:57.503542,NG,,1654.5233598831069,142.48192708333335,10850,Scanning...
2025-11-28 12:47:58.696316,OK,0000296078,806.4643517110082,138.32973958333332,0,N/A
2025-11-28 12:47:58.719082,NG,,955.346568731933,137.88831380208333,2538,Barcode too far
2025-11-28 12:47:59.713290,OK,0000296078,1059.240908829371,143.69588216145834,0,N/A
2025-11-28 12:47:59.871456,NG,,1091.3317122273338,146.30612630208333,6,Barcode too far
2025-11-28 12:48:00.912149,NG,,1046.921212765492,145.60335286458334,5593,Barcode too far
2025-11-28 12:48:00.956222,OK,0000296078,1249.7414483472076,145.598349609375,2324,N/A
2025-11-28 12:48:02.522069,OK,0000296077,995.0875187672506,146.53928059895833,9522,N/A
2025-11-28 12:48:02.863828,NG,,1411.7999750079684,145.87613606770833,3564,Barcode too far
2025-11-28 12:48:03.759386,OK,0000296079,1215.9236165356003,147.03666341145833,0,N/A
2025-11-28 12:48:04.122745,NG,,1077.1011444600417,144.63052408854168,1895,Barcode too far
2025-11-28 12:48:05.141152,OK,0000296077,959.3707546882528,145.50180338541668,0,N/A
2025-11-28 12:48:05.145228,OK,0000296047,959.3707546882528,145.50180338541668,0,N/A
2025-11-28 12:48:05.176436,NG,,1097.23489799668,145.864375,4248,Barcode too far
2025-11-28 12:48:06.207173,OK,0000296077,1213.5899706797177,145.83492838541667,0,N/A
2025-11-28 12:48:06.243772,NG,,1169.9079869511816,145.81693684895833,0,Barcode too far
2025-11-28 12:48:07.222731,OK,0000296077,1101.555167009099,143.85551106770833,0,N/A
2025-11-28 12:48:07.263434,NG,,1089.1398171081119,143.58388997395832,5899,Barcode too far
2025-11-28 12:48:08.255026,OK,0000296079,867.0406402246157,144.88994140625,0,N/A
2025-11-28 12:48:08.292974,NG,,964.7541109000208,144.64181640625,14720,Scanning...
2025-11-28 12:48:09.318789,NG,,858.4477833365438,145.36180013020834,0,Barcode too far
2025-11-28 12:48:10.381478,NG,,1206.6918157118057,143.83226236979166,0,Barcode too far
2025-11-28 12:48:10.427298,OK,0000296078,1023.1271532012516,144.0987890625,0,N/A
2025-11-28 12:48:11.402675,NG,,746.0761161659134,142.59388020833333,0,Barcode too far
2025-11-28 12:48:12.419223,NG,,885.940273632643,140.65197916666668,18,Barcode too far
2025-11-28 12:48:12.588023,OK,0000287277,1014.3662727762747,141.62526692708335,0,N/A
2025-11-28 12:48:13.450292,NG,,578.0670879567041,138.61279296875,0,Barcode too far
2025-11-28 12:48:16.796728,NG,,956.4392212916057,135.99728190104167,4155,Barcode too far
2025-11-28 12:48:17.813847,NG,,834.6828514931572,142.402021484375,0,Barcode too far
2025-11-28 12:48:18.845160,NG,,959.610572033522,140.54310221354166,10185,Scanning...
2025-11-28 12:48:20.024983,NG,,981.458962699212,138.833681640625,0,Barcode too far
2025-11-28 12:48:31.661686,NG,,1117.9001470723047,127.96549479166667,6625,Scanning...
2025-11-28 12:48:32.320609,OK,0000287277,1240.4577395501033,129.19779622395833,0,N/A
2025-11-28 12:48:32.699465,NG,,1026.169279859373,125.31054036458333,24,Barcode too far
2025-11-28 12:48:33.480184,OK,0000287271,1062.7307119822078,126.947978515625,0,N/A
2025-11-28 12:48:33.738688,NG,,1015.7916111646864,126.15437825520833,0,Barcode too far
2025-11-28 12:48:34.635431,OK,0000287271,1160.5506486963802,132.45665690104167,0,N/A
2025-11-28 12:48:34.745817,NG,,1072.5958423039647,133.19378580729168,8874,Scanning...
2025-11-28 12:48:35.811435,NG,,769.0444587386978,141.26744140625,0,Barcode too far
2025-11-28 12:48:36.818056,NG,,1241.8068117701105,150.427373046875,6512,Scanning...
2025-11-28 12:48:37.078678,OK,0000287271,827.635501094394,153.09602864583334,0,N/A
2025-11-28 12:48:37.826361,NG,,1020.6337119791242,145.42433268229166,5454,Barcode too far
2025-11-28 12:48:38.103124,OK,0000296080,1340.7446960828995,144.9430859375,0,N/A
2025-11-28 12:48:38.841823,NG,,1158.8489134995782,146.58961263020834,7632,Scanning...
2025-11-28 12:48:39.275044,OK,0000296080,1095.0805858696833,146.55462565104168,0,N/A
2025-11-28 12:48:39.857949,NG,,1210.259631839233,147.38151692708334,5440,Barcode too far
2025-11-28 12:48:40.293332,OK,0000296078,1116.4622182461953,146.83756510416666,0,N/A
2025-11-28 12:48:40.889782,NG,,1027.2541461039223,148.56259114583332,4740,Barcode too far
2025-11-28 12:48:41.306072,OK,0000296078,1144.5246835828993,147.62673502604167,0,N/A
2025-11-28 12:48:42.238630,NG,,1087.723972116841,145.79271484375,9540,Scanning...
2025-11-28 12:48:42.407172,OK,0000296078,1045.7595247493743,144.655908203125,16,N/A
2025-11-28 12:48:43.287457,NG,,1001.041913031006,144.88060872395835,648,Barcode too far
2025-11-28 12:48:43.413106,OK,0000296078,850.5893614215428,144.5787109375,0,N/A
2025-11-28 12:48:44.370091,NG,,740.3674575710295,144.7674609375,0,Barcode too far
2025-11-28 12:48:44.509125,OK,0000296079,1055.6113551433882,148.46293294270833,1062,N/A
2025-11-28 12:48:45.451972,NG,,972.8969813028863,146.05950846354168,15129,Scanning...
2025-11-28 12:48:45.535177,OK,0000296077,1261.9065207004123,149.10156901041665,12750,N/A
2025-11-28 12:48:46.484334,NG,,697.2548932576074,144.90125651041666,5616,Barcode too far
2025-11-28 12:48:46.669161,OK,0000296077,662.9933136181196,147.01343424479165,20,N/A
2025-11-28 12:51:16.552644,NG,,835.708813322915,138.41922526041665,9909,Scanning...
2025-11-28 12:51:16.588684,OK,0000287277,807.3180231788531,138.74329752604166,0,N/A
2025-11-28 12:51:20.006937,OK,0000296226,889.600529738267,156.68673502604167,32,N/A
2025-11-28 12:51:20.006937,OK,0000287271,889.600529738267,156.68673502604167,32,N/A
2025-11-28 12:51:20.038168,NG,,908.8453450341858,157.15916015625,12565,Scanning...
2025-11-28 12:51:21.082981,NG,,683.7301993041568,152.26,10506,Scanning...
2025-11-28 12:51:21.182856,OK,0000296226,817.7756990779877,154.55445638020834,0,N/A
2025-11-28 12:51:22.115877,NG,,1096.8460467520713,140.16676432291666,11979,Scanning...
2025-11-28 12:51:22.198564,OK,0000296080,1257.6854229498547,141.41352864583334,10585,N/A
2025-11-28 12:51:22.216140,OK,0000296226,1277.2418877936047,141.65572265625,10585,N/A
2025-11-28 12:51:22.220313,OK,0000287271,1294.0379685227715,141.85828776041666,10585,N/A
2025-11-28 12:51:23.115158,NG,,1172.008724929799,144.78384114583332,17885,Scanning...
2025-11-28 12:51:23.363993,OK,0000296080,960.763402254062,147.15789388020832,12096,N/A
2025-11-28 12:51:24.213699,NG,,968.1607912103335,141.24444986979168,19129,Scanning...
2025-11-28 12:51:24.613073,OK,0000296080,1003.8226290959675,149.66845703125,14,N/A
2025-11-28 12:51:25.212339,NG,,1102.5649903537328,137.29067708333332,20976,Scanning...
2025-11-28 12:51:25.637191,OK,0000296078,777.8180786424319,142.18205403645834,0,N/A
2025-11-28 12:51:25.637191,OK,0000296080,777.8180786424319,142.18205403645834,0,N/A
2025-11-28 12:51:26.786944,OK,0000296077,1161.3991093698714,143.71708658854166,11367,N/A
2025-11-28 12:51:26.786944,OK,0000296079,1161.3991093698714,143.71708658854166,11367,N/A
2025-11-28 12:51:26.800285,OK,0000296078,1161.3991093698714,143.71708658854166,11367,N/A
2025-11-28 12:51:26.821722,NG,,745.9233242471906,142.68243815104168,17136,Scanning...
2025-11-28 12:51:27.826361,OK,0000296077,1139.3971276813081,146.53944010416666,16254,N/A
2025-11-28 12:51:27.840809,OK,0000296079,1139.3971276813081,146.53944010416666,16254,N/A
2025-11-28 12:51:27.867413,NG,,1098.738281504313,146.3605859375,9932,Scanning...
2025-11-28 12:51:29.241023,OK,0000296077,891.9747648243798,140.70068359375,2415,N/A
2025-11-28 12:51:29.291882,NG,,1053.2856172603608,140.26787760416667,32,Barcode too far
2025-11-28 12:51:30.290577,OK,0000296080,638.401751659775,131.58703125,0,N/A
2025-11-28 12:51:30.320424,NG,,1062.453032366848,133.95687174479167,14820,Scanning...
2025-11-28 12:51:31.306281,OK,0000296078,598.2438425407303,148.57701497395834,0,N/A
2025-11-28 12:51:31.345851,NG,,799.86002571995,149.56255208333334,13357,Scanning...
2025-11-28 12:51:32.347249,OK,0000296078,1208.142973716217,151.52406901041667,9947,N/A
2025-11-28 12:51:32.353977,OK,0000296080,1235.4065349141338,151.83568033854166,9947,N/A
2025-11-28 12:51:32.379789,NG,,1303.5166291859518,151.00036783854168,12204,Scanning...
2025-11-28 12:51:33.371188,OK,0000296080,1112.8710022966068,136.42692057291666,8073,N/A
2025-11-28 12:51:33.409411,NG,,930.0817055331762,134.99671549479166,0,Barcode too far
2025-11-28 12:51:34.436637,NG,,621.9938802032049,157.72571614583333,0,Barcode too far
2025-11-28 12:51:36.278983,NG,,1097.1614046660952,136.83059244791667,4158,Barcode too far
2025-11-28 12:51:37.225281,OK,0000287271,925.2003346811827,142.90343098958334,13260,N/A
2025-11-28 12:51:37.394089,NG,,967.302734167311,142.243828125,10701,Scanning...
2025-11-28 12:51:38.255579,OK,0000287271,853.2056894198948,145.432880859375,0,N/A
2025-11-28 12:51:38.415567,NG,,806.3068481394024,143.65041015625,7035,Scanning...
2025-11-28 12:51:39.267505,OK,0000296226,848.3432963510194,146.24291341145835,12,N/A
2025-11-28 12:51:39.267505,OK,0000287271,848.3432963510194,146.24291341145835,12,N/A
2025-11-28 12:51:39.422296,NG,,849.1413626602069,145.52909505208333,7392,Scanning...
2025-11-28 12:51:40.463970,OK,0000296080,954.2037889607325,141.28579427083332,0,N/A
2025-11-28 12:51:40.487059,NG,,1007.9129936091,142.775546875,14196,Scanning...
2025-11-28 12:51:42.184152,OK,0000296078,1122.1267109156295,147.42729817708334,0,N/A
2025-11-28 12:51:42.216697,NG,,1133.0977632606393,145.39007486979168,0,Barcode too far
2025-11-28 12:51:43.719490,NG,,785.485546343316,138.83325520833333,1107,Barcode too far
2025-11-28 12:51:43.950851,OK,0000296079,1128.302385862976,140.30312174479167,5888,N/A
2025-11-28 12:51:44.726670,NG,,892.093601104641,142.43223307291666,390,Barcode too far
2025-11-28 12:51:44.976331,OK,0000296077,1221.6707941026052,139.04266276041668,3152,N/A
2025-11-28 12:54:10.226981,OK,0000287277,691.3036079465126,143.25646484375,0,N/A
2025-11-28 12:54:10.699033,NG,,977.5176181111228,136.97432291666667,8688,Scanning...
2025-11-28 12:54:11.241367,OK,0000287271,736.2022225611368,140.277001953125,7180,N/A
2025-11-28 12:54:11.725508,NG,,903.6559049356673,148.04037434895832,15047,Scanning...
2025-11-28 12:54:12.252021,OK,0000287277,447.75208302709797,148.06972981770832,0,N/A
2025-11-28 12:54:12.733481,NG,,889.671679088582,142.86748372395834,16086,Scanning...
2025-11-28 12:54:13.278251,OK,0000296226,1203.5398162739643,144.88061197916667,10,N/A
2025-11-28 12:54:13.281835,OK,0000287271,1203.5398162739643,144.88061197916667,10,N/A
2025-11-28 12:54:13.768870,NG,,805.439043991502,144.79676106770833,379,Barcode too far
2025-11-28 12:54:14.349267,OK,0000296080,1124.7595017424585,137.33461588541667,1221,N/A
2025-11-28 12:54:14.352790,OK,0000287271,1124.7595017424585,137.33461588541667,1221,N/A
2025-11-28 12:54:14.782040,NG,,1047.2869138427736,142.57297200520833,16899,Scanning...
2025-11-28 12:54:15.376039,OK,0000296080,1141.6956488103233,149.38430338541667,14364,N/A
2025-11-28 12:54:15.378085,OK,0000287271,1141.6956488103233,149.38430338541667,14364,N/A
2025-11-28 12:54:15.799934,NG,,1074.080216108153,142.84243489583332,2864,Barcode too far
2025-11-28 12:54:16.401394,OK,0000296078,1035.3036327938078,140.45243489583333,9300,N/A
2025-11-28 12:54:16.404410,OK,0000296080,1073.861914043808,140.84692057291667,9300,N/A
2025-11-28 12:54:16.815919,NG,,943.27794310929,145.94370768229166,13209,Scanning...
2025-11-28 12:54:17.403787,OK,0000296078,1111.5237499592674,148.322685546875,2520,N/A
2025-11-28 12:54:17.407669,OK,0000296080,1111.5237499592674,148.322685546875,2520,N/A
2025-11-28 12:54:18.957242,OK,0000296077,729.4909717038365,150.107646484375,0,N/A
2025-11-28 12:54:19.393579,NG,,672.9839555205872,145.36561197916666,12,Barcode too far
2025-11-28 12:54:19.969337,OK,0000296079,826.3821148802015,140.28388346354166,0,N/A
2025-11-28 12:54:20.411615,NG,,759.9048683632745,139.06974283854166,15620,Scanning...
2025-11-28 12:54:20.985253,OK,0000296077,881.9918177564832,133.35342122395832,0,N/A
2025-11-28 12:54:29.208016,NG,,920.487725172933,128.83523111979167,10036,Scanning...
2025-11-28 12:54:32.980116,OK,0000287277,794.4195823963485,129.70294596354168,0,N/A
2025-11-28 12:54:33.910937,NG,,793.5451172953183,130.50708658854165,0,Barcode too far
2025-11-28 12:54:34.422780,OK,0000287277,781.6858647759333,131.67393229166666,0,N/A
2025-11-28 12:54:34.993220,NG,,524.9670178137461,133.36569010416667,6615,Scanning...
2025-11-28 12:54:35.905775,OK,0000287277,463.6974458151818,151.920263671875,0,N/A
2025-11-28 12:54:36.340535,NG,,724.3466600950452,143.21941080729167,4090,Barcode too far
2025-11-28 12:54:36.973212,OK,0000287277,673.3796597629123,149.73394856770832,0,N/A
2025-11-28 12:56:17.086859,OK,0000287277,738.57465792159,134.68831705729167,0,N/A
2025-11-28 12:56:17.109387,NG,,910.4480227830566,136.33586588541667,11220,Scanning...
2025-11-28 12:56:18.108497,OK,0000287271,1216.4006228819846,137.2095703125,9976,N/A
2025-11-28 12:56:18.146804,NG,,1176.6363623165132,136.80029296875,12276,Scanning...
2025-11-28 12:56:19.124561,OK,0000287271,612.4770682398478,148.06155598958333,1044,N/A
2025-11-28 12:56:19.143551,OK,0000287277,612.4770682398478,148.06155598958333,1044,N/A
2025-11-28 12:56:19.169497,NG,,421.17843443415956,147.61925130208334,0,Barcode too far
2025-11-28 12:56:20.156865,OK,0000296226,968.2184857024192,143.59508463541667,6,N/A
2025-11-28 12:56:20.167146,OK,0000287271,989.8043841399192,143.89055338541667,6,N/A
2025-11-28 12:56:20.258499,NG,,865.3811820830878,142.54451497395834,7700,Scanning...
2025-11-28 12:56:21.289586,OK,0000296226,806.4964696662796,149.737001953125,26,N/A
2025-11-28 12:56:21.327554,NG,,772.2240585557619,149.78015950520833,11016,Scanning...
2025-11-28 12:56:22.376928,OK,0000296080,772.12897460911,149.38773763020833,6372,N/A
2025-11-28 12:56:22.393874,NG,,635.3943391651474,145.77990559895832,32,Barcode too far
2025-11-28 12:56:23.437020,OK,0000296078,935.7036971465112,155.91592122395832,0,N/A
2025-11-28 12:56:23.474956,NG,,670.8010447400305,154.71018229166665,10,Barcode too far
2025-11-28 12:56:25.189954,NG,,928.3441708163791,138.13380533854166,405,Barcode too far
2025-11-28 12:56:25.607845,OK,0000296078,1141.7868447021483,142.76210611979167,0,N/A
2025-11-28 12:56:26.217860,NG,,1346.6190983071963,144.54441080729165,12104,Scanning...
2025-11-28 12:56:26.617422,OK,0000296078,980.5590344299209,146.66348958333333,10320,N/A
2025-11-28 12:56:26.635486,OK,0000296080,980.5590344299209,146.66348958333333,10320,N/A
2025-11-28 12:56:27.262916,NG,,643.7815026523166,155.231005859375,9520,Scanning...
2025-11-28 12:56:27.966811,OK,0000296226,698.4639942207228,146.380205078125,36,N/A
2025-11-28 12:56:28.515462,NG,,741.0112952676454,144.833857421875,4710,Barcode too far
2025-11-28 12:56:29.048186,OK,0000287271,890.7634698262108,140.11460611979166,0,N/A
2025-11-28 12:56:29.540245,NG,,845.0001753677262,138.44244466145832,2853,Barcode too far
2025-11-28 12:56:30.569550,NG,,645.4268108400876,146.676650390625,4710,Barcode too far
2025-11-28 12:56:30.742409,OK,0000287271,774.0455250242446,142.99110026041666,2,N/A
2025-11-28 12:56:31.638691,NG,,1140.1780337863497,136.00876627604165,2247,Barcode too far
2025-11-28 12:56:33.158401,OK,0000287271,982.5157584291144,131.27153645833334,0,N/A
2025-11-28 12:56:33.370187,NG,,776.4550162722163,132.32283854166667,297,Barcode too far
2025-11-28 12:56:41.344115,OK,0000287277,665.8741506332398,136.99024088541665,56,N/A
2025-11-28 12:56:41.403030,NG,,688.2601581848038,137.5690234375,52,Barcode too far
2025-11-28 12:56:42.601611,OK,0000287271,1209.9998305485092,130.73910807291668,24,N/A
2025-11-28 12:56:42.612051,OK,0000287277,1209.9998305485092,130.73910807291668,24,N/A
2025-11-28 12:56:42.637325,NG,,1250.5558676345718,130.62185221354167,5145,Barcode too far
2025-11-28 12:56:43.600687,OK,0000287271,640.1982681711409,141.72879557291665,9570,N/A
2025-11-28 12:56:43.639441,NG,,695.5190266606543,142.30506184895833,12714,Scanning...
2025-11-28 12:56:44.687869,NG,,780.418927012878,153.09582682291668,7904,Scanning...
2025-11-28 12:56:45.135354,OK,0000296080,994.3203984967445,146.66624348958334,2688,N/A
2025-11-28 12:56:45.698784,NG,,875.6610656568738,147.010166015625,12441,Scanning...
2025-11-28 12:56:46.248001,OK,0000296080,976.8793717332522,147.182607421875,6820,N/A
2025-11-28 12:56:46.722410,NG,,1130.4951751295303,146.165400390625,10626,Scanning...
2025-11-28 12:56:47.430130,OK,0000296078,855.8768293863511,148.43026041666667,6175,N/A
2025-11-28 12:56:47.744833,NG,,1106.9815339760673,148.32355143229168,10692,Scanning...
2025-11-28 12:56:48.712870,OK,0000296079,1042.5463830108217,147.44882486979168,9810,N/A
2025-11-28 12:56:48.750125,NG,,1082.8526255716854,146.44015950520833,12675,Scanning...
2025-11-28 12:56:49.894792,NG,,712.4496546900432,143.013828125,52,Barcode too far
2025-11-28 12:56:49.943435,OK,0000296077,869.3600574951065,143.93142578125,0,N/A
2025-11-28 12:56:50.910265,NG,,918.9103845155396,135.48537760416667,16272,Scanning...
2025-11-28 12:56:50.960511,OK,0000296077,703.0336442216238,133.39412109375,92,N/A
2025-11-28 12:56:50.967025,OK,0000296079,703.0336442216238,133.39412109375,92,N/A
2025-11-28 12:56:51.896714,NG,,1277.692161360677,140.07502278645833,888,Barcode too far
2025-11-28 12:56:52.008882,OK,0000296079,1600.0667839177447,140.88725911458334,0,N/A
2025-11-28 12:56:52.914391,NG,,1196.8486834763842,146.12183919270834,2304,Barcode too far
2025-11-28 12:56:52.997013,OK,0000296079,1044.9808864643942,146.48088541666667,0,N/A
2025-11-28 12:56:54.173602,NG,,1003.4853994933658,143.82068359375,0,Barcode too far
2025-11-28 12:56:55.426187,NG,,560.0526766255591,140.469296875,0,Barcode too far
2025-11-28 12:56:56.459322,NG,,986.4935882057086,136.66439778645832,0,Barcode too far
2025-11-28 12:56:57.460991,NG,,1184.88636941185,126.90402018229166,9656,Scanning...
2025-11-28 12:56:58.463130,NG,,782.3736750623916,129.7155078125,0,Barcode too far
2025-11-28 12:58:31.207958,OK,0000287277,843.2286893733977,138.056044921875,3168,N/A
2025-11-28 12:58:31.744843,NG,,746.0100499375661,137.391689453125,0,Barcode too far
2025-11-28 12:58:33.077680,NG,,559.4495312065973,147.28690104166665,5460,Barcode too far
2025-11-28 12:58:33.183505,OK,0000287271,700.4111017946774,152.72728841145835,0,N/A
2025-11-28 12:58:34.076058,NG,,919.2318850082399,158.40475911458333,13650,Scanning...
2025-11-28 12:58:34.192265,OK,0000296226,849.3785998019749,159.11850911458333,26,N/A
2025-11-28 12:58:35.097655,NG,,784.1892715547245,142.48981119791668,0,Barcode too far
2025-11-28 12:58:35.207898,OK,0000296080,689.1403747950236,142.880537109375,0,N/A
2025-11-28 12:58:36.140829,NG,,1027.3269979925792,153.10921875,16632,Scanning...
2025-11-28 12:58:36.223802,OK,0000296080,1114.7199129108744,153.02825520833332,4378,N/A
2025-11-28 12:58:36.231262,OK,0000296226,1114.7199129108744,153.02825520833332,4378,N/A
2025-11-28 12:58:37.173022,NG,,920.8580621392886,147.918740234375,8540,Scanning...
2025-11-28 12:58:37.289236,OK,0000296078,960.4929289489747,149.055673828125,10152,N/A
2025-11-28 12:58:38.538398,OK,0000296080,869.421535835001,143.26005208333333,0,N/A
2025-11-28 12:58:38.576935,NG,,869.421535835001,143.26005208333333,10672,Scanning...
2025-11-28 12:58:41.721285,NG,,698.5061174886067,148.50611328125,0,Barcode too far
2025-11-28 12:58:41.765912,OK,0000296077,840.4828116573332,149.32645182291665,20,N/A
2025-11-28 12:58:42.717859,NG,,1448.836946919494,145.138662109375,11772,Scanning...
2025-11-28 12:58:44.335237,NG,,1089.1627242999605,137.10108723958334,5600,Barcode too far
2025-11-28 12:58:45.366015,NG,,1164.2303148330584,146.16527018229166,0,Barcode too far
2025-11-28 12:58:46.927276,NG,,1056.8247545823417,140.38784830729168,0,Barcode too far
2025-11-28 12:58:49.392981,NG,,437.61458860609264,156.920048828125,0,Barcode too far
2025-11-28 12:58:52.819108,NG,,901.3938684518494,138.61544921875,14872,Scanning...
2025-11-28 12:58:53.289080,OK,0000287277,735.6725576778412,139.83197591145833,0,N/A
2025-11-28 12:58:54.090043,NG,,971.1486519326105,138.01746744791666,2358,Barcode too far
2025-11-28 12:58:54.305967,OK,0000287271,895.4258464177448,137.95817057291666,4536,N/A
2025-11-28 12:58:55.088568,NG,,642.1750867436621,143.602109375,0,Barcode too far
2025-11-28 12:58:55.371531,OK,0000287271,522.7916316934798,137.88443684895833,0,N/A
2025-11-28 12:58:56.121032,NG,,811.8723546335431,146.39670572916665,7896,Scanning...
2025-11-28 12:58:57.160054,OK,0000296226,782.776233024078,152.58634114583333,0,N/A
2025-11-28 12:58:57.186529,NG,,874.586169330809,153.74159830729167,3399,Barcode too far
2025-11-28 12:58:58.534888,NG,,662.569053912862,140.65624348958335,1220,Barcode too far
2025-11-28 12:58:58.585426,OK,0000296080,1038.2049765565555,142.933759765625,0,N/A
2025-11-28 12:58:59.552214,NG,,893.2104522387082,142.52497395833333,10659,Scanning...
2025-11-28 12:58:59.600823,OK,0000296078,910.235829789893,142.32621419270833,7800,N/A
2025-11-28 12:59:00.599925,OK,0000296078,1166.1050122682254,139.544775390625,6908,N/A
2025-11-28 12:59:00.637574,NG,,1279.568423868815,139.584228515625,8112,Scanning...
2025-11-28 12:59:01.627430,OK,0000296079,1263.9771711018777,142.79562825520833,0,N/A
2025-11-28 12:59:01.649724,NG,,1193.4931122149997,142.94740559895834,960,Barcode too far
2025-11-28 12:59:02.647828,OK,0000296077,1185.712284973102,145.44954752604167,5760,N/A
2025-11-28 12:59:02.684928,NG,,1103.3421818277573,145.4322265625,8640,Scanning...
2025-11-28 13:03:54.211354,NG,,744.638915608046,144.88863932291667,5746,Barcode too far
2025-11-28 13:03:54.786936,OK,0000287271,771.6749148996565,141.206669921875,34,N/A
2025-11-28 13:03:54.788961,OK,0000287277,771.6749148996565,141.206669921875,34,N/A
2025-11-28 13:03:55.328590,NG,,696.6273417534723,141.72967447916668,0,Barcode too far
2025-11-28 13:03:55.806237,OK,0000287271,326.87067708316386,154.36039388020833,0,N/A
2025-11-28 13:03:56.427357,NG,,408.4264483065182,154.56816080729166,2877,Barcode too far
2025-11-28 13:03:56.809914,OK,0000296226,724.3887230173325,146.24661458333333,0,N/A
2025-11-28 13:03:57.599146,NG,,637.8954915020307,147.72258463541667,5292,Barcode too far
2025-11-28 13:03:58.261056,OK,0000296080,432.06655130715893,151.92858072916667,0,N/A
2025-11-28 13:04:01.200774,OK,0000296079,807.4252945285372,151.42630533854165,46,N/A
2025-11-28 13:04:01.227340,NG,,774.4999016708373,151.485751953125,27060,Scanning...
2025-11-28 13:04:02.204703,OK,0000296077,791.1053033945296,144.70249348958333,7800,N/A
2025-11-28 13:04:02.227643,NG,,453.60257005208325,143.356328125,0,Barcode too far
2025-11-28 13:04:03.253623,OK,0000296079,363.3885992289226,149.86966145833333,0,N/A
2025-11-28 13:04:05.913232,OK,0000296077,891.1955762216777,150.43048177083332,8,N/A
2025-11-28 13:04:07.503189,OK,0000296077,653.6448079421891,148.00650390625,16,N/A
2025-11-28 13:04:08.265502,NG,,712.4629230141534,148.3097265625,10976,Scanning...
2025-11-28 13:04:08.648708,OK,0000296077,544.4967175820245,151.42238606770835,0,N/A
2025-11-28 13:04:09.697205,OK,0000296077,842.8038020812565,150.22261393229167,0,N/A
2025-11-28 13:04:09.730331,NG,,862.0098979966798,149.57670572916666,10320,Scanning...
2025-11-28 13:04:10.713392,OK,0000296077,810.3995600534122,153.627060546875,0,N/A
2025-11-28 13:04:10.713392,OK,0000296079,810.3995600534122,153.627060546875,0,N/A
2025-11-28 13:04:10.731372,OK,0000296078,810.3995600534122,153.627060546875,0,N/A
2025-11-28 13:04:10.754874,NG,,749.9372009440103,153.68787109375,0,Barcode too far
2025-11-28 13:04:11.776179,OK,0000296078,862.4471577757096,149.78072591145835,9716,N/A
2025-11-28 13:04:11.800650,NG,,862.6514068561132,149.53628580729168,9632,Scanning...
2025-11-28 13:04:12.777817,OK,0000296078,709.6430833933089,153.407333984375,0,N/A
2025-11-28 13:04:12.794815,OK,0000296080,710.0090339141423,153.39693033854167,0,N/A
2025-11-28 13:04:12.821989,NG,,822.264761643717,153.86668619791666,5472,Barcode too far
2025-11-28 13:04:13.982060,OK,0000296080,482.21971608605907,157.19658854166667,0,N/A
2025-11-28 13:04:14.065191,NG,,511.38664274071584,155.136884765625,0,Barcode too far
2025-11-28 13:04:15.237561,OK,0000296226,474.65182176272066,156.17767252604168,0,N/A
2025-11-28 13:04:15.292199,NG,,480.876472854095,157.605654296875,0,Barcode too far
2025-11-28 13:04:16.274536,OK,0000296226,562.1445696395874,163.66387044270834,12,N/A
2025-11-28 13:04:16.296575,NG,,562.9239981994523,163.13130533854167,13946,Scanning...
2025-11-28 13:04:17.389800,OK,0000287277,291.29773800403797,135.8800390625,0,N/A
2025-11-28 13:04:17.806359,NG,,749.2157571876421,132.070888671875,110,Barcode too far
2025-11-28 16:39:39.745886,NG,,922.4997777150049,138.6321484375,7098,Scanning...
2025-11-28 16:39:39.774037,OK,0000287271,1091.2795353190102,139.46768880208333,12996,N/A
2025-11-28 16:39:40.889098,NG,,484.5299700248612,155.4141796875,7497,Scanning...
2025-11-28 16:39:40.976013,OK,0000296226,513.144742804114,155.22773111979166,0,N/A
2025-11-28 16:39:41.876790,NG,,917.7619395819344,145.0031640625,8976,Scanning...
2025-11-28 16:39:42.004683,OK,0000296080,799.0054934127703,145.567861328125,9168,N/A
2025-11-28 16:39:42.884441,NG,,715.4650837604098,148.74046223958334,12210,Scanning...
2025-11-28 16:39:43.020565,OK,0000296078,666.5496522935231,147.055185546875,0,N/A
2025-11-28 16:39:43.020565,OK,0000296226,666.5496522935231,147.055185546875,0,N/A
2025-11-28 16:39:43.902848,NG,,620.1942752927038,146.42114908854165,14756,Scanning...
2025-11-28 16:39:44.052671,OK,0000296079,671.1582547121578,143.55566080729167,0,N/A
2025-11-28 16:39:45.085378,NG,,711.2841859198252,139.67968424479167,2550,Barcode too far
2025-11-28 16:39:45.135362,OK,0000296078,761.9499478705089,139.13522786458333,0,N/A
2025-11-28 16:39:46.101131,NG,,530.8609497112591,148.57474934895833,12,Barcode too far
2025-11-28 16:39:46.150830,OK,0000296077,483.63217004123277,148.0648828125,0,N/A
2025-11-28 16:39:46.150830,OK,0000296079,483.63217004123277,148.0648828125,0,N/A
2025-11-28 16:39:47.099739,NG,,391.491834521442,143.19756510416667,0,Barcode too far
2025-11-28 16:39:48.485661,OK,0000296079,874.9340810279742,145.49180989583334,0,N/A
2025-11-28 16:39:48.515559,NG,,686.6280503514502,143.58384114583333,0,Barcode too far
2025-11-28 16:39:49.514174,OK,0000296078,748.0355888022423,141.99010416666667,13283,N/A
2025-11-28 16:39:49.536292,NG,,720.2481176823934,142.3165234375,15620,Scanning...
2025-11-28 16:39:50.563123,OK,0000296080,827.1798491064709,148.05987630208332,0,N/A
2025-11-28 16:39:50.601126,NG,,774.054451203569,147.583623046875,12320,Scanning...
2025-11-28 16:39:52.626934,NG,,485.1158476010534,159.51814778645834,9520,Scanning...
2025-11-28 16:39:52.835598,OK,0000287271,368.8670729001257,153.647978515625,0,N/A
2025-11-28 16:39:55.315926,OK,0000287271,454.9271219285331,146.44263346354165,28,N/A
2025-11-28 16:39:55.342653,NG,,554.5542187465669,142.07295247395834,12320,Scanning...
2025-11-28 16:39:56.497027,OK,0000287277,665.1237173444005,138.860810546875,0,N/A
2025-11-28 16:39:56.528345,NG,,537.1316977046966,140.23696614583332,8150,Scanning...
2025-11-28 16:41:07.695484,OK,0000287277,860.1963814951473,138.67246419270833,0,N/A
2025-11-28 16:41:07.807566,NG,,746.0663028460079,136.15349283854167,2154,Barcode too far
2025-11-28 16:41:08.931890,NG,,571.1134262074364,154.22933919270832,3370,Barcode too far
2025-11-28 16:41:09.020345,OK,0000296226,564.5040793100887,153.607353515625,1680,N/A
2025-11-28 16:41:09.944234,NG,,853.8066194820406,143.297578125,7452,Scanning...
2025-11-28 16:41:10.030442,OK,0000296080,825.6376950886088,143.386162109375,0,N/A
2025-11-28 16:41:10.954244,NG,,814.8813110309176,144.211826171875,302,Barcode too far
2025-11-28 16:41:11.443087,OK,0000296080,866.522972001383,146.40384765625,0,N/A
2025-11-28 16:41:12.011315,NG,,557.3032725554997,147.84750325520832,0,Barcode too far
2025-11-28 16:41:12.878749,OK,0000296079,766.5877274575128,142.86860677083334,8,N/A
2025-11-28 16:41:13.022238,NG,,806.6318489549002,144.81162760416666,12775,Scanning...
2025-11-28 16:41:14.211459,NG,,728.9633821049905,144.45097981770834,9269,Scanning...
2025-11-28 16:41:14.252090,OK,0000296079,706.8577822900456,143.49596354166667,40,N/A
2025-11-28 16:41:14.252090,OK,0000296078,706.8577822900456,143.49596354166667,40,N/A
2025-11-28 16:41:15.208486,NG,,504.45541172447196,140.8549609375,0,Barcode too far
2025-11-28 16:41:15.292111,OK,0000296077,883.991194657633,144.00033528645832,17840,N/A
2025-11-28 16:41:16.443096,OK,0000296079,467.0032485686833,142.26026041666665,0,N/A
2025-11-28 16:41:16.498829,NG,,482.092577134355,142.83774088541668,0,Barcode too far
2025-11-28 16:41:17.558860,OK,0000296077,398.6235523467594,139.4298046875,0,N/A
2025-11-28 16:41:17.600374,NG,,355.6243746937646,142.579755859375,0,Barcode too far
2025-11-28 16:41:18.577105,OK,0000296079,779.8920583697848,138.83636067708332,44,N/A
2025-11-28 16:41:18.577105,OK,0000296080,779.8920583697848,138.83636067708332,44,N/A
2025-11-28 16:41:18.623435,NG,,838.8774761886489,139.20743489583333,9802,Scanning...
2025-11-28 16:41:19.609092,OK,0000296078,784.4045197974203,145.8180078125,5648,N/A
2025-11-28 16:41:19.642143,NG,,822.4560873704593,144.83925455729167,9504,Scanning...
2025-11-28 16:41:21.171920,NG,,729.6120034623782,149.93868815104167,6498,Barcode too far
2025-11-28 16:41:21.208351,OK,0000296080,599.6920941618919,149.784287109375,1092,N/A
2025-11-28 16:41:22.173333,NG,,523.4769409281306,155.435244140625,1005,Barcode too far
2025-11-28 16:41:23.289041,OK,0000287277,438.7354726973534,150.10224934895834,0,N/A
2025-11-28 16:41:23.372142,NG,,423.71209635416665,151.57646158854166,10,Barcode too far
2025-11-28 16:41:24.321366,OK,0000287277,861.3680922461192,134.74495442708334,0,N/A
2025-11-28 16:41:24.372402,NG,,813.7290147348086,135.08962565104167,0,Barcode too far
2025-11-28 16:41:25.370101,OK,0000287271,1096.888134572506,134.98487630208334,0,N/A
2025-11-28 16:41:25.393223,NG,,1066.9468308632745,134.75610026041667,7678,Scanning...
2025-11-28 16:43:37.150081,OK,0000287277,961.2079393653763,133.78574544270833,40,N/A
2025-11-28 16:43:37.510103,NG,,690.9758040234778,133.33416015625,0,Barcode too far
2025-11-28 16:43:38.600234,OK,0000296226,433.9146759618017,149.26357421875,0,N/A
2025-11-28 16:43:38.624745,NG,,617.0624941304418,150.17295247395833,3366,Barcode too far
2025-11-28 16:43:39.821832,OK,0000296080,889.9391820965977,140.08794270833334,0,N/A
2025-11-28 16:43:39.858439,NG,,1024.617485395262,140.619755859375,12978,Scanning...
2025-11-28 16:43:41.021061,OK,0000287277,864.5487706093683,139.3283984375,2961,N/A
2025-11-28 16:43:41.044277,NG,,607.8817047653093,138.42194010416668,0,Barcode too far
2025-11-28 16:43:42.186581,NG,,661.840033398056,150.28095377604166,5909,Barcode too far
2025-11-28 16:43:42.587050,OK,0000287271,729.264687308587,148.46552083333333,8,N/A
2025-11-28 16:43:43.202235,NG,,513.1870314495403,154.77737630208333,9114,Scanning...
2025-11-28 16:43:43.885219,OK,0000296080,887.7946212798648,145.834638671875,0,N/A
2025-11-28 16:43:44.193468,NG,,900.2628958485499,143.74579427083333,13948,Scanning...
2025-11-28 16:43:44.917333,OK,0000296080,793.6583659001562,147.59160481770834,12210,N/A
2025-11-28 16:43:45.202636,NG,,834.1497962721085,147.29228841145834,328,Barcode too far
2025-11-28 16:43:45.932625,OK,0000296078,595.7491979058159,148.27323567708333,0,N/A
2025-11-28 16:43:46.324358,NG,,702.7515634918108,144.45213216145834,0,Barcode too far
2025-11-28 16:43:47.019185,OK,0000296079,545.2670768225352,145.21938151041667,0,N/A
2025-11-28 16:43:47.329380,NG,,891.0770895955301,143.35119140625,18050,Scanning...
2025-11-28 16:43:48.113975,OK,0000296077,841.3402416727278,145.936240234375,0,N/A
2025-11-28 16:43:48.355620,NG,,746.1793690395356,140.51564453125,19600,Scanning...
2025-11-28 16:43:49.130202,OK,0000296077,770.5928920023601,147.26876953125,0,N/A
2025-11-28 16:43:49.140594,OK,0000296079,770.5928920023601,147.26876953125,0,N/A
2025-11-28 16:43:49.452608,NG,,494.5264610544415,143.418740234375,0,Barcode too far
2025-11-28 16:44:43.684452,OK,0000287277,935.1667803174232,132.51311197916667,0,N/A
2025-11-28 16:44:43.715759,NG,,895.8815083277385,132.84116861979166,18096,Scanning...
2025-11-28 16:44:45.174907,OK,0000296226,571.2689351521705,154.02578776041668,22,N/A
2025-11-28 16:44:45.196958,NG,,581.7813701255692,153.750849609375,13542,Scanning...
2025-11-28 16:44:46.174349,OK,0000296080,575.2290902097914,137.84331705729167,0,N/A
2025-11-28 16:44:46.174349,OK,0000287271,575.2290902097914,137.84331705729167,0,N/A
2025-11-28 16:44:46.217695,NG,,628.5340216038067,137.817763671875,2478,Barcode too far
2025-11-28 16:44:47.255949,OK,0000296078,431.0045694605404,144.2183984375,0,N/A
2025-11-28 16:44:47.297356,NG,,641.9493211552832,145.56797200520833,15410,Scanning...
2025-11-28 16:44:48.271586,OK,0000296079,672.1128928944798,141.73940104166667,0,N/A
2025-11-28 16:44:48.271586,OK,0000296080,672.1128928944798,141.73940104166667,0,N/A
2025-11-28 16:44:48.322228,NG,,807.2225154513889,142.8866015625,17297,Scanning...
2025-11-28 16:44:49.304042,OK,0000296077,815.1927893188371,142.98595703125,18032,N/A
2025-11-28 16:44:49.320481,OK,0000296078,815.1927893188371,142.98595703125,18032,N/A
2025-11-28 16:44:49.343565,NG,,750.4519724049462,143.11128255208334,21006,Scanning...
2025-11-28 16:45:11.283483,OK,0000287277,948.2607260975733,133.13753580729167,0,N/A
2025-11-28 16:45:11.457238,NG,,684.8214279449356,135.23794596354168,0,Barcode too far
2025-11-28 16:45:12.298094,OK,0000287271,566.13580397999,149.43969401041667,12985,N/A
2025-11-28 16:45:12.308557,OK,0000287277,566.13580397999,149.43969401041667,12985,N/A
2025-11-28 16:45:12.594973,NG,,336.7790491800943,152.85572265625,0,Barcode too far
2025-11-28 16:45:13.330294,OK,0000296226,736.9429096978082,149.44746419270834,0,N/A
2025-11-28 16:45:13.621094,NG,,588.6777192274307,143.70958984375,0,Barcode too far
2025-11-28 16:45:14.362793,OK,0000296226,513.117220039834,146.53457356770832,0,N/A
2025-11-28 16:45:14.661862,NG,,731.2667646797075,145.45153971354168,5655,Barcode too far
2025-11-28 16:45:15.428631,OK,0000296078,764.1029459611573,151.72788736979166,10368,N/A
2025-11-28 16:45:15.686660,NG,,733.4621307651839,152.00059895833334,8717,Scanning...
2025-11-28 16:45:16.444231,OK,0000296079,925.8640011077458,143.99016276041667,21384,N/A
2025-11-28 16:45:16.709589,NG,,779.1341423148154,147.33935872395833,22629,Scanning...
2025-11-28 16:45:17.813247,OK,0000296077,503.53685614518054,136.70098307291667,0,N/A
2025-11-28 16:45:17.945980,NG,,592.6361750424599,137.16431315104165,0,Barcode too far
2025-11-28 16:45:19.275709,OK,000029607,584.4751940663231,141.64854166666666,0,N/A
2025-11-28 16:45:19.325321,NG,,574.293589469899,143.579384765625,0,Barcode too far
