発注伝票№,製番,製品№,ﾕﾆｯﾄ№,部品№,品番,図番,改訂,品名,形式寸法,発注日,納期,回答納期,確定納期,納入完了日,検収完了日,手配,仕入先,発注数,納入数,発注残数,検収累計数,未検収数,納入場所,備考,品番分類
301957,3804-00,3804-00,B,#400,,XAL607-0424,,ﾎﾞｰﾙﾈｼﾞ,加工品_HSS3210N1D0850,2025/3/17 0:00,2025/5/29 0:00,2025/5/29 0:00,2025/5/29 0:00,,,外注加工,池田産業㈱,1,0,1,0,1,,,部品
301958,3804-00,3804-00,B,#500,,XAL607-0521,,ﾎﾞｰﾙﾈｼﾞ,加工品_PSS2505N1D0499,2025/3/17 0:00,2025/5/29 0:00,2025/5/29 0:00,2025/5/29 0:00,,,外注加工,池田産業㈱,1,0,1,0,1,,,部品
301959,3804-00,3804-00,B,#900,,_XAL607-0926,,ｴﾘｱｾﾝｻｰｶﾊﾞｰ,GL-SA28S,2025/3/17 0:00,2025/4/1 0:00,,2025/4/1 0:00,2025/3/31 0:00,2025/3/31 0:00,購入品手配,㈱ｷ-ｴﾝｽ金沢営業所,4,4,0,4,0,,,部品
301960,3804-00,3804-00,B,#600,,XAL607-0635A,,回収BOX,内容物は420x444　500x500x200のｻｲｽﾞ±1mm以内仕上,2025/3/17 0:00,2025/5/29 0:00,2025/5/29 0:00,2025/5/29 0:00,,,購入品手配,吉岡幸㈱鯖江支店,1,0,1,0,1,,ﾌﾟﾗﾀﾞﾝｺﾝﾃﾅ(ﾘﾌﾞ付)　黒 B№01003130,部品
301961,3804-00,3804-00,B,#100,,XAL607-0129E,,真空ﾃｰﾌﾞﾙ04,,2025/3/17 0:00,2025/5/9 0:00,2025/5/9 0:00,2025/5/9 0:00,2025/5/12 0:00,,外注加工,㈱ﾐｽﾞﾉﾏｼﾅﾘ-,1,1,0,0,1,,,部品
301962,3804-00,3804-00,B,#100,,XAL607-0130D,,真空ﾃｰﾌﾞﾙ05,,2025/3/17 0:00,2025/5/9 0:00,2025/5/9 0:00,2025/5/9 0:00,2025/5/12 0:00,,外注加工,㈱ﾐｽﾞﾉﾏｼﾅﾘ-,1,1,0,0,1,,,部品
301963,3804-00,3804-00,B,#100,,XAL607-0131D,,真空ﾃｰﾌﾞﾙ06,,2025/3/17 0:00,2025/5/9 0:00,2025/5/9 0:00,2025/5/9 0:00,2025/5/12 0:00,,外注加工,㈱ﾐｽﾞﾉﾏｼﾅﾘ-,1,1,0,0,1,,,部品
301964,3804-00,3804-00,B,#200,,XAL607-0210C,,ｺﾝﾍﾞｱﾌﾚｰﾑ1,,2025/3/17 0:00,2025/5/9 0:00,2025/5/9 0:00,2025/5/9 0:00,2025/5/12 0:00,,外注加工,㈱ﾐｽﾞﾉﾏｼﾅﾘ-,1,1,0,0,1,,,部品
301965,3804-00,3804-00,B,#200,,XAL607-0211D,,ｺﾝﾍﾞｱﾌﾚｰﾑ2,,2025/3/17 0:00,2025/5/9 0:00,2025/5/9 0:00,2025/5/9 0:00,2025/5/12 0:00,,外注加工,㈱ﾐｽﾞﾉﾏｼﾅﾘ-,1,1,0,0,1,,,部品
301966,3804-00,3804-00,B,#200,,XAL607-0212,,ｺﾝﾍﾞｱﾌﾚｰﾑ3,,2025/3/17 0:00,2025/5/9 0:00,2025/5/9 0:00,2025/5/9 0:00,2025/5/12 0:00,,外注加工,㈱ﾐｽﾞﾉﾏｼﾅﾘ-,2,2,0,0,2,,,部品
301967,3804-00,3804-00,B,#200,,XAL607-0213A,,ｺﾝﾍﾞｱﾌﾚｰﾑ4,,2025/3/17 0:00,2025/5/9 0:00,2025/5/9 0:00,2025/5/9 0:00,2025/5/12 0:00,,外注加工,㈱ﾐｽﾞﾉﾏｼﾅﾘ-,1,1,0,0,1,,,部品
301968,3804-00,3804-00,B,#200,,XAL607-0214,,ｺﾝﾍﾞｱﾌﾚｰﾑ5,,2025/3/17 0:00,2025/5/9 0:00,2025/5/9 0:00,2025/5/9 0:00,2025/5/12 0:00,,外注加工,㈱ﾐｽﾞﾉﾏｼﾅﾘ-,1,1,0,0,1,,,部品
301969,3804-00,3804-00,B,#200,,XAL607-0215,,ｺﾝﾍﾞｱﾌﾚｰﾑ6,,2025/3/17 0:00,2025/5/9 0:00,2025/5/9 0:00,2025/5/9 0:00,2025/5/12 0:00,,外注加工,㈱ﾐｽﾞﾉﾏｼﾅﾘ-,1,1,0,0,1,,,部品
301970,3804-00,3804-00,B,#400,,XAL607-0436,,ｾﾝｻBKT,,2025/3/17 0:00,2025/5/9 0:00,2025/5/9 0:00,2025/5/9 0:00,2025/5/12 0:00,,外注加工,㈱ﾐｽﾞﾉﾏｼﾅﾘ-,1,1,0,0,1,,,部品
301971,3804-00,3804-00,B,#400,,XAL607-0437,,ｼﾘﾝﾀﾞBKT,,2025/3/17 0:00,2025/5/9 0:00,2025/5/9 0:00,2025/5/9 0:00,2025/5/12 0:00,,外注加工,㈱ﾐｽﾞﾉﾏｼﾅﾘ-,1,1,0,0,1,,,部品
301972,3804-00,3804-00,B,#100,,XAL607-0110A,,ｽﾃｰｼﾞ,加工品　ﾒｯｷ込み,2025/3/17 0:00,2025/5/14 0:00,2025/5/14 0:00,2025/5/14 0:00,2025/5/12 0:00,,外注加工,双葉電子工業㈱,1,1,0,0,1,,,部品
301973,3804-00,3804-00,B,#100,,XAL607-0113G,,真空ﾍﾞｰｽ,加工品　ﾒｯｷ込み,2025/3/17 0:00,2025/5/14 0:00,2025/5/14 0:00,2025/5/14 0:00,2025/5/12 0:00,,外注加工,双葉電子工業㈱,2,2,0,0,2,,,部品
301974,3804-00,3804-00,B,#300,,XAL607-0310B,,ﾆｯﾌﾟ枠,加工品　ﾒｯｷ込み,2025/3/17 0:00,2025/5/14 0:00,2025/5/14 0:00,2025/5/14 0:00,2025/5/12 0:00,,外注加工,双葉電子工業㈱,1,1,0,0,1,,,部品
301975,3804-00,3804-00,B,#400,,XAL607-0410F,,ｴｱﾍｯﾄﾞ天板,加工品　ﾒｯｷ込み,2025/3/17 0:00,2025/5/14 0:00,2025/5/14 0:00,2025/5/14 0:00,2025/5/12 0:00,,外注加工,双葉電子工業㈱,1,1,0,0,1,,,部品
301976,3804-00,3804-00,B,#400,,XAL607-0418,,ｶﾞｲﾄﾞﾎﾟｽﾄ,加工品　,2025/3/17 0:00,2025/5/14 0:00,2025/5/14 0:00,2025/5/14 0:00,2025/5/12 0:00,,外注加工,双葉電子工業㈱,4,4,0,0,4,,,部品
301977,3804-00,3804-00,B,#500,,XAL607-0510E,,MGﾍｯﾄﾞ天板,加工品　ﾒｯｷ込み,2025/3/17 0:00,2025/5/14 0:00,2025/5/14 0:00,2025/5/14 0:00,2025/5/12 0:00,,外注加工,双葉電子工業㈱,1,1,0,0,1,,,部品
301978,3804-00,3804-00,B,#800,,XAL607-0810E,,ﾍﾞｰｽﾌﾚｰﾑ,"XAL607-0810-1E,-0810-2E",2025/3/17 0:00,2025/5/15 0:00,2025/5/15 0:00,2025/5/15 0:00,2025/5/19 0:00,,外注加工,㈱吉田機工,1,1,0,0,1,,,部品
301979,3804-00,3804-00,B,#100,,XAL607-0127A,,ﾛｹｰﾀ,,2025/3/17 0:00,2025/5/12 0:00,,2025/5/12 0:00,2025/5/8 0:00,,外注加工,田中精機㈲,2,2,0,0,2,,,部品
301980,3804-00,3804-00,B,#100,,XAL607-0139,,ｽﾍﾟｰｻ,,2025/3/17 0:00,2025/5/12 0:00,,2025/5/12 0:00,2025/5/9 0:00,,外注加工,田中精機㈲,4,4,0,0,4,,,部品
301981,3804-00,3804-00,B,#100,,XAL607-0140,,ｽﾃｰ,,2025/3/17 0:00,2025/5/12 0:00,,2025/5/12 0:00,2025/5/9 0:00,,外注加工,田中精機㈲,4,4,0,0,4,,,部品
301982,3804-00,3804-00,B,#200,,XAL607-0217,,ﾓｰﾀｰBKT,,2025/3/17 0:00,2025/5/12 0:00,,2025/5/12 0:00,2025/4/30 0:00,,外注加工,田中精機㈲,1,1,0,0,1,,,部品
301983,3804-00,3804-00,B,#200,,XAL607-0218A,,ﾃﾝｼｮﾝBKT,,2025/3/17 0:00,2025/5/12 0:00,,2025/5/12 0:00,2025/4/7 0:00,2025/4/7 0:00,外注加工,田中精機㈲,1,1,0,1,0,,,部品
301984,3804-00,3804-00,B,#200,,XAL607-0219A,,ﾍﾞﾙﾄｽﾃｰ,,2025/3/17 0:00,2025/5/12 0:00,,2025/5/12 0:00,2025/5/8 0:00,,外注加工,田中精機㈲,4,4,0,0,4,,,部品
301985,3804-00,3804-00,B,#200,,XAL607-0226A,,たわみ防止ｽﾃｰ,,2025/3/17 0:00,2025/5/12 0:00,,2025/5/12 0:00,2025/5/1 0:00,,外注加工,田中精機㈲,1,1,0,0,1,,,部品
301986,3804-00,3804-00,B,#200,,XAL607-0227A,,たわみ防止ｽﾃｰ,,2025/3/17 0:00,2025/5/12 0:00,,2025/5/12 0:00,2025/5/13 0:00,,外注加工,田中精機㈲,1,1,0,0,1,,,部品
301987,3804-00,3804-00,B,#200,,XAL607-0230A,,ｹﾞｰﾄ,,2025/3/17 0:00,2025/5/12 0:00,,2025/5/12 0:00,2025/5/13 0:00,,外注加工,田中精機㈲,1,1,0,0,1,,,部品
301988,3804-00,3804-00,B,#400,,XAL607-0417A,,ｶﾞｲﾄﾞﾌﾟﾚｰﾄ,,2025/3/17 0:00,2025/5/12 0:00,,2025/5/12 0:00,2025/5/19 0:00,,外注加工,田中精機㈲,1,1,0,0,1,,,部品
301989,3804-00,3804-00,B,#400,,XAL607-0433,,ﾃﾝｼｮﾝ調整板,,2025/3/17 0:00,2025/5/12 0:00,,2025/5/12 0:00,2025/5/13 0:00,,外注加工,田中精機㈲,1,1,0,0,1,,,部品
301990,3804-00,3804-00,B,#400,,XAL607-0441,,取付軸,,2025/3/17 0:00,2025/5/12 0:00,,2025/5/12 0:00,2025/5/1 0:00,,外注加工,田中精機㈲,1,1,0,0,1,,,部品
301991,3804-00,3804-00,B,#500,,XAL607-0433,,ﾃﾝｼｮﾝ調整板,,2025/3/17 0:00,2025/5/12 0:00,,2025/5/12 0:00,2025/5/13 0:00,,外注加工,田中精機㈲,1,1,0,0,1,,,部品
301992,3804-00,3804-00,B,#500,,XAL607-0514C,,ｶﾞｲﾄﾞﾌﾟﾚｰﾄ,,2025/3/17 0:00,2025/5/12 0:00,,2025/5/12 0:00,2025/5/19 0:00,,外注加工,田中精機㈲,1,1,0,0,1,,,部品
301993,3804-00,3804-00,B,#500,,XAL607-0518C,,ﾍｯﾄﾞ板,,2025/3/17 0:00,2025/5/12 0:00,,2025/5/12 0:00,2025/5/19 0:00,,外注加工,田中精機㈲,1,1,0,0,1,,,部品
301994,3804-00,3804-00,B,#500,,XAL607-0530,,ﾌﾞﾗｹｯﾄ,,2025/3/17 0:00,2025/5/12 0:00,,2025/5/12 0:00,2025/4/9 0:00,2025/4/9 0:00,外注加工,田中精機㈲,2,2,0,2,0,,,部品
301995,3804-00,3804-00,B,#500,,XAL607-0541,,ｾﾝｻｰ板2,,2025/3/17 0:00,2025/5/12 0:00,,2025/5/12 0:00,2025/4/3 0:00,2025/4/3 0:00,外注加工,田中精機㈲,2,2,0,2,0,,,部品
301996,3804-00,3804-00,B,#600,,XAL607-0618A,,旋回軸受1,,2025/3/17 0:00,2025/5/12 0:00,,2025/5/12 0:00,2025/4/30 0:00,,外注加工,田中精機㈲,1,1,0,0,1,,,部品
301997,3804-00,3804-00,B,#600,,XAL607-0619A,,旋回軸受2,,2025/3/17 0:00,2025/5/12 0:00,,2025/5/12 0:00,2025/4/30 0:00,,外注加工,田中精機㈲,1,1,0,0,1,,,部品
301998,3804-00,3804-00,B,#600,,XAL607-0620,,旋回軸受3,,2025/3/17 0:00,2025/5/12 0:00,,2025/5/12 0:00,2025/4/7 0:00,2025/4/7 0:00,外注加工,田中精機㈲,1,1,0,1,0,,,部品
301999,3804-00,3804-00,B,#600,,XAL607-0621A,,旋回軸受4,,2025/3/17 0:00,2025/5/12 0:00,,2025/5/12 0:00,2025/4/3 0:00,2025/4/3 0:00,外注加工,田中精機㈲,1,1,0,1,0,,,部品
302000,3804-00,3804-00,B,#600,,XAL607-0622A,,ﾁｬｯｸﾎﾙﾀﾞ,,2025/3/17 0:00,2025/5/12 0:00,,2025/5/12 0:00,2025/5/9 0:00,,外注加工,田中精機㈲,1,1,0,0,1,,,部品
302001,3804-00,3804-00,B,#600,,XAL607-0641,,ﾁｬｯｸﾊﾞｰ,,2025/3/17 0:00,2025/5/12 0:00,,2025/5/12 0:00,2025/5/8 0:00,,外注加工,田中精機㈲,2,2,0,0,2,,,部品
302002,3804-00,3804-00,B,#700,,XAL607-0725(K-1),,ﾛｰﾗｰBKT R1,,2025/3/17 0:00,2025/5/12 0:00,,2025/5/12 0:00,2025/5/8 0:00,,外注加工,田中精機㈲,1,1,0,0,1,,,部品
302003,3804-00,3804-00,B,#700,,XAL607-0726A,,ﾛｰﾗｰBKT L1,,2025/3/17 0:00,2025/5/12 0:00,,2025/5/12 0:00,2025/5/8 0:00,,外注加工,田中精機㈲,1,1,0,0,1,,,部品
302004,3804-00,3804-00,B,#700,,XAL607-0727A,,ﾛｰﾗｰBKT R2,,2025/3/17 0:00,2025/5/12 0:00,,2025/5/12 0:00,2025/4/9 0:00,2025/4/9 0:00,外注加工,田中精機㈲,1,1,0,1,0,,,部品
302005,3804-00,3804-00,B,#700,,XAL607-0728A,,ﾛｰﾗｰBKT L2,,2025/3/17 0:00,2025/5/12 0:00,,2025/5/12 0:00,2025/4/9 0:00,2025/4/9 0:00,外注加工,田中精機㈲,1,1,0,1,0,,,部品
302006,3804-00,3804-00,B,#700,,XAL607-0729(K-1),,ｽﾄｯﾊﾟBKT,,2025/3/17 0:00,2025/5/12 0:00,,2025/5/12 0:00,2025/4/3 0:00,2025/4/3 0:00,外注加工,田中精機㈲,2,2,0,2,0,,,部品
302007,3804-00,3804-00,B,#200,,XAL607-0231A,,ﾌﾟｰﾘｶﾊﾞｰ,,2025/3/17 0:00,2025/5/14 0:00,2025/5/14 0:00,2025/5/14 0:00,2025/5/13 0:00,,外注加工,㈱ﾕ-ｶﾘ工業,2,2,0,0,2,,,部品
302008,3804-00,3804-00,B,#800,,XAL607-0812,,側面ｶﾊﾞｰ,塗装含む,2025/3/17 0:00,2025/5/14 0:00,2025/5/14 0:00,2025/5/14 0:00,2025/5/13 0:00,,外注加工,㈱ﾕ-ｶﾘ工業,4,4,0,0,4,,,部品
302009,3804-00,3804-00,B,#800,,XAL607-0813,,側面ｶﾊﾞｰ,塗装含む,2025/3/17 0:00,2025/5/14 0:00,2025/5/14 0:00,2025/5/14 0:00,2025/5/13 0:00,,外注加工,㈱ﾕ-ｶﾘ工業,1,1,0,0,1,,,部品
302010,3804-00,3804-00,B,#800,,XAL607-0814,,ﾌﾞﾚｰｶｰBKT,塗装含む,2025/3/17 0:00,2025/5/14 0:00,2025/5/14 0:00,2025/5/14 0:00,2025/5/13 0:00,,外注加工,㈱ﾕ-ｶﾘ工業,1,1,0,0,1,,,部品
302011,3804-00,3804-00,B,#800,,XAL607-0821,,正面扉,塗装含む,2025/3/17 0:00,2025/5/14 0:00,2025/5/14 0:00,2025/5/14 0:00,2025/5/13 0:00,,外注加工,㈱ﾕ-ｶﾘ工業,2,2,0,0,2,,,部品
302012,3804-00,3804-00,B,#800,,XAL607-0822,,ｽﾍﾟｰｻｰ,,2025/3/17 0:00,2025/5/14 0:00,2025/5/14 0:00,2025/5/14 0:00,2025/5/13 0:00,,外注加工,㈱ﾕ-ｶﾘ工業,4,4,0,0,4,,,部品
302013,3804-00,3804-00,B,#800,,XAL607-0823,,板ﾅｯﾄ,,2025/3/17 0:00,2025/5/14 0:00,2025/5/14 0:00,2025/5/14 0:00,2025/5/13 0:00,,外注加工,㈱ﾕ-ｶﾘ工業,4,4,0,0,4,,,部品
302014,3804-00,3804-00,B,#800,,XAL607-0824,,側面ｶﾊﾞｰﾌｧﾝ付,塗装含む,2025/3/17 0:00,2025/5/14 0:00,2025/5/14 0:00,2025/5/14 0:00,2025/5/13 0:00,,外注加工,㈱ﾕ-ｶﾘ工業,1,1,0,0,1,,,部品
302015,3804-00,3804-00,B,#900,,XAL607-0910C,,操作ﾊﾟﾈﾙ,塗装含む,2025/3/17 0:00,2025/5/14 0:00,2025/5/14 0:00,2025/5/14 0:00,2025/5/13 0:00,,外注加工,㈱ﾕ-ｶﾘ工業,1,1,0,0,1,,,部品
302016,3804-00,3804-00,B,#900,,XAL607-0919,,背面ｶﾊﾞｰ,塗装含む,2025/3/17 0:00,2025/5/14 0:00,2025/5/14 0:00,2025/5/14 0:00,2025/5/13 0:00,,外注加工,㈱ﾕ-ｶﾘ工業,1,1,0,0,1,,,部品
302017,3804-00,3804-00,B,#1000,,XAL607-1010A,,空圧機器ﾊﾟﾈﾙ1,,2025/3/17 0:00,2025/5/14 0:00,2025/5/14 0:00,2025/5/14 0:00,2025/5/13 0:00,,外注加工,㈱ﾕ-ｶﾘ工業,1,1,0,0,1,,,部品
302018,3804-00,3804-00,B,#1000,,XAL607-1011A,,空圧機器ﾊﾟﾈﾙ2,,2025/3/17 0:00,2025/5/14 0:00,2025/5/14 0:00,2025/5/14 0:00,2025/5/13 0:00,,外注加工,㈱ﾕ-ｶﾘ工業,1,1,0,0,1,,,部品
302019,3804-00,3804-00,B,#400,,XAL607-0425(K-1),,ﾅｯﾄｽﾃｰ,※ﾅｯﾄ支給(MR90X2.0P),2025/3/17 0:00,2025/5/8 0:00,,2025/5/8 0:00,2025/5/9 0:00,,外注加工,㈱福東製作所,1,1,0,0,1,,,部品
302020,3804-00,3804-00,B,#400,,XAL607-0426,,ﾍﾞｱﾘﾝｸﾞｹｰｽ,,2025/3/17 0:00,2025/5/8 0:00,,2025/5/8 0:00,2025/5/9 0:00,,外注加工,㈱福東製作所,1,1,0,0,1,,,部品
302021,3804-00,3804-00,B,#400,,XAL607-0427,,ﾍﾞｱﾘﾝｸﾞｵｻｴ,,2025/3/17 0:00,2025/5/8 0:00,,2025/5/8 0:00,2025/5/9 0:00,,外注加工,㈱福東製作所,1,1,0,0,1,,,部品
302022,3804-00,3804-00,B,#400,,XAL607-0428,,ﾍﾞｱﾘﾝｸﾞｶﾗｰ,,2025/3/17 0:00,2025/5/8 0:00,,2025/5/8 0:00,2025/5/9 0:00,,外注加工,㈱福東製作所,1,1,0,0,1,,,部品
302023,3804-00,3804-00,B,#400,,XAL607-0429C,,ｼﾞｮｲﾝﾄ,※全加工,2025/3/17 0:00,2025/5/8 0:00,,2025/5/8 0:00,2025/5/9 0:00,,外注加工,㈱福東製作所,1,1,0,0,1,,,部品
302024,3804-00,3804-00,B,#500,,XAL607-0522(K-1),,ﾅｯﾄｽﾃｰ,※ﾅｯﾄ支給　(PLN55),2025/3/17 0:00,2025/5/8 0:00,,2025/5/8 0:00,2025/5/9 0:00,,外注加工,㈱福東製作所,1,1,0,0,1,,,部品
302025,3804-00,3804-00,B,#500,,XAL607-0523,,ﾍﾞｱﾘﾝｸﾞｹｰｽ,,2025/3/17 0:00,2025/5/8 0:00,,2025/5/8 0:00,2025/5/9 0:00,,外注加工,㈱福東製作所,1,1,0,0,1,,,部品
302026,3804-00,3804-00,B,#500,,XAL607-0524,,ﾍﾞｱﾘﾝｸﾞｵｻｴ,,2025/3/17 0:00,2025/5/8 0:00,,2025/5/8 0:00,2025/5/9 0:00,,外注加工,㈱福東製作所,1,1,0,0,1,,,部品
302027,3804-00,3804-00,B,#500,,XAL607-0525,,ﾍﾞｱﾘﾝｸﾞｶﾗｰ,,2025/3/17 0:00,2025/5/8 0:00,,2025/5/8 0:00,2025/5/9 0:00,,外注加工,㈱福東製作所,1,1,0,0,1,,,部品
302028,3804-00,3804-00,B,#500,,XAL607-0526A,,ｼﾞｮｲﾝﾄ,※全加工,2025/3/17 0:00,2025/5/8 0:00,,2025/5/8 0:00,2025/5/9 0:00,,外注加工,㈱福東製作所,1,1,0,0,1,,,部品
302029,3804-00,3804-00,B,#600,,XAL607-0626,,旋回軸,,2025/3/17 0:00,2025/5/8 0:00,,2025/5/8 0:00,2025/5/9 0:00,,外注加工,㈱福東製作所,1,1,0,0,1,,,部品
302030,3804-00,3804-00,B,#600,,XAL607-0631,,ﾍﾞｱﾘﾝｸﾞｹｰｽ,,2025/3/17 0:00,2025/5/8 0:00,,2025/5/8 0:00,2025/5/9 0:00,,外注加工,㈱福東製作所,1,1,0,0,1,,,部品
302031,3804-00,3804-00,B,#100,,XAL607-0114A,,ﾃｰﾌﾞﾙｽﾃｰ,,2025/3/17 0:00,2025/5/9 0:00,,2025/5/9 0:00,2025/5/8 0:00,,外注加工,吉田精工ｾﾚｸﾄ株式会社,2,2,0,0,2,,,部品
302032,3804-00,3804-00,B,#100,,XAL607-0115A,,ﾃｰﾌﾞﾙｽﾃｰ,,2025/3/17 0:00,2025/5/9 0:00,,2025/5/9 0:00,2025/5/8 0:00,,外注加工,吉田精工ｾﾚｸﾄ株式会社,2,2,0,0,2,,,部品
302033,3804-00,3804-00,B,#100,,XAL607-0116A,,ﾃｰﾌﾞﾙｽﾃｰ,,2025/3/17 0:00,2025/5/9 0:00,,2025/5/9 0:00,2025/5/8 0:00,,外注加工,吉田精工ｾﾚｸﾄ株式会社,2,2,0,0,2,,,部品
302034,3804-00,3804-00,B,#100,,XAL607-0117B,,ﾃｰﾌﾞﾙｽﾃｰ,,2025/3/17 0:00,2025/5/9 0:00,,2025/5/9 0:00,2025/5/8 0:00,,外注加工,吉田精工ｾﾚｸﾄ株式会社,2,2,0,0,2,,,部品
302035,3804-00,3804-00,B,#100,,XAL607-0118A,,ﾃｰﾌﾞﾙｽﾃｰ,,2025/3/17 0:00,2025/5/9 0:00,,2025/5/9 0:00,2025/5/8 0:00,,外注加工,吉田精工ｾﾚｸﾄ株式会社,6,6,0,0,6,,,部品
302036,3804-00,3804-00,B,#400,,XAL607-0431,,ﾓｰﾀ固定板,,2025/3/17 0:00,2025/5/9 0:00,,2025/5/9 0:00,2025/5/8 0:00,,外注加工,吉田精工ｾﾚｸﾄ株式会社,1,1,0,0,1,,,部品
302037,3804-00,3804-00,B,#400,,XAL607-0432,,ﾃﾝｼｮﾝ調整板,,2025/3/17 0:00,2025/5/9 0:00,,2025/5/9 0:00,2025/5/8 0:00,,外注加工,吉田精工ｾﾚｸﾄ株式会社,1,1,0,0,1,,,部品
302038,3804-00,3804-00,B,#500,,XAL607-0431,,ﾓｰﾀ固定板,,2025/3/17 0:00,2025/5/9 0:00,,2025/5/9 0:00,2025/5/8 0:00,,外注加工,吉田精工ｾﾚｸﾄ株式会社,1,1,0,0,1,,,部品
302039,3804-00,3804-00,B,#500,,XAL607-0432,,ﾃﾝｼｮﾝ調整板,,2025/3/17 0:00,2025/5/9 0:00,,2025/5/9 0:00,2025/5/8 0:00,,外注加工,吉田精工ｾﾚｸﾄ株式会社,1,1,0,0,1,,,部品
302040,3804-00,3804-00,B,#600,,XAL607-0615,,ｼﾞｮｲﾝﾄ,,2025/3/17 0:00,2025/5/9 0:00,,2025/5/9 0:00,2025/5/8 0:00,,外注加工,吉田精工ｾﾚｸﾄ株式会社,1,1,0,0,1,,,部品
302041,3804-00,3804-00,B,#100,,XAL607-0111A,,支柱,,2025/3/17 0:00,2025/5/8 0:00,2025/5/8 0:00,2025/5/8 0:00,2025/5/8 0:00,,外注加工,㈱日星ｸﾘｴｲﾄ,2,2,0,0,2,,,部品
302042,3804-00,3804-00,B,#100,,XAL607-0112A,,支柱,,2025/3/17 0:00,2025/5/8 0:00,2025/5/8 0:00,2025/5/8 0:00,2025/5/8 0:00,,外注加工,㈱日星ｸﾘｴｲﾄ,14,14,0,0,14,,,部品
302043,3804-00,3804-00,B,#200,,XAL607-0216,,ｼｬﾌﾄ,,2025/3/17 0:00,2025/5/8 0:00,2025/5/8 0:00,2025/5/8 0:00,2025/5/8 0:00,,外注加工,㈱日星ｸﾘｴｲﾄ,2,2,0,0,2,,,部品
302044,3804-00,3804-00,B,#200,,XAL607-0220,,ﾌﾟｰﾘ,,2025/3/17 0:00,2025/5/8 0:00,2025/5/8 0:00,2025/5/8 0:00,2025/5/8 0:00,,外注加工,㈱日星ｸﾘｴｲﾄ,5,5,0,0,5,,,部品
302045,3804-00,3804-00,B,#400,,XAL607-0411,,支柱,,2025/3/17 0:00,2025/5/8 0:00,2025/5/8 0:00,2025/5/8 0:00,2025/5/8 0:00,,外注加工,㈱日星ｸﾘｴｲﾄ,2,2,0,0,2,,,部品
302046,3804-00,3804-00,B,#400,,XAL607-0412,,支柱,,2025/3/17 0:00,2025/5/8 0:00,2025/5/8 0:00,2025/5/8 0:00,2025/5/8 0:00,,外注加工,㈱日星ｸﾘｴｲﾄ,2,2,0,0,2,,,部品
302047,3804-00,3804-00,B,#400,,XAL607-0419,,ﾄﾞｸﾞ取付,,2025/3/17 0:00,2025/5/8 0:00,2025/5/8 0:00,2025/5/8 0:00,2025/5/8 0:00,,外注加工,㈱日星ｸﾘｴｲﾄ,1,1,0,0,1,,,部品
302048,3804-00,3804-00,B,#400,,XAL607-0421,,ｽﾄｯﾊﾟﾎﾙﾀﾞ,,2025/3/17 0:00,2025/5/8 0:00,2025/5/8 0:00,2025/5/8 0:00,2025/5/8 0:00,,外注加工,㈱日星ｸﾘｴｲﾄ,1,1,0,0,1,,,部品
302049,3804-00,3804-00,B,#500,,XAL607-0419,,ﾄﾞｸﾞ取付,,2025/3/17 0:00,2025/5/8 0:00,2025/5/8 0:00,2025/5/8 0:00,2025/5/8 0:00,,外注加工,㈱日星ｸﾘｴｲﾄ,1,1,0,0,1,,,部品
302050,3804-00,3804-00,B,#500,,XAL607-0421,,ｽﾄｯﾊﾟﾎﾙﾀﾞ,,2025/3/17 0:00,2025/5/8 0:00,2025/5/8 0:00,2025/5/8 0:00,2025/5/8 0:00,,外注加工,㈱日星ｸﾘｴｲﾄ,1,1,0,0,1,,,部品
302051,3804-00,3804-00,B,#500,,XAL607-0511,,支柱,,2025/3/17 0:00,2025/5/8 0:00,2025/5/8 0:00,2025/5/8 0:00,2025/5/8 0:00,,外注加工,㈱日星ｸﾘｴｲﾄ,2,2,0,0,2,,,部品
302052,3804-00,3804-00,B,#500,,XAL607-0512,,支柱,,2025/3/17 0:00,2025/5/8 0:00,2025/5/8 0:00,2025/5/8 0:00,2025/5/8 0:00,,外注加工,㈱日星ｸﾘｴｲﾄ,2,2,0,0,2,,,部品
302080,3804-00,3804-00,B,#500,,XAL607-0533,,補強ﾘﾌﾞ1,,2025/3/17 0:00,2025/5/13 0:00,,2025/5/13 0:00,2025/5/13 0:00,,外注加工,㈲山喜工業,2,2,0,0,2,,,部品
302081,3804-00,3804-00,B,#500,,XAL607-0534,,補強ﾘﾌﾞ2,,2025/3/17 0:00,2025/5/13 0:00,,2025/5/13 0:00,2025/5/13 0:00,,外注加工,㈲山喜工業,2,2,0,0,2,,,部品
302082,3804-00,3804-00,B,#100,,XAL607-0119,,ｾﾝｻ板,,2025/3/17 0:00,2025/5/9 0:00,,2025/5/9 0:00,2025/5/8 0:00,,外注加工,㈱FK,2,2,0,0,2,,,部品
302083,3804-00,3804-00,B,#100,,XAL607-0120B,,側面ｵｻｴ,,2025/3/17 0:00,2025/5/9 0:00,,2025/5/9 0:00,2025/5/8 0:00,,外注加工,㈱FK,4,4,0,0,4,,,部品
302084,3804-00,3804-00,B,#100,,XAL607-0121,,ｽﾄｯﾊﾟｱｰﾑ,,2025/3/17 0:00,2025/5/9 0:00,,2025/5/9 0:00,2025/5/8 0:00,,外注加工,㈱FK,2,2,0,0,2,,,部品
302085,3804-00,3804-00,B,#100,,XAL607-0122,,ｽﾄｯﾊﾟｱｰﾑ,,2025/3/17 0:00,2025/5/9 0:00,,2025/5/9 0:00,2025/5/8 0:00,,外注加工,㈱FK,2,2,0,0,2,,,部品
302086,3804-00,3804-00,B,#100,,XAL607-0123A,,ｱﾌﾞｿｰﾊﾞ受,,2025/3/17 0:00,2025/5/9 0:00,,2025/5/9 0:00,2025/5/8 0:00,,外注加工,㈱FK,2,2,0,0,2,,,部品
302087,3804-00,3804-00,B,#300,,XAL607-0315A,,ｸﾗﾝﾊﾟ,,2025/3/17 0:00,2025/5/9 0:00,,2025/5/9 0:00,2025/5/8 0:00,,外注加工,㈱FK,4,4,0,0,4,,,部品
302088,3804-00,3804-00,B,#600,,XAL607-0623,,ﾁｬｯｸBKT,,2025/3/17 0:00,2025/5/9 0:00,,2025/5/9 0:00,2025/5/8 0:00,,外注加工,㈱FK,6,6,0,0,6,,,部品
302089,3804-00,3804-00,B,#600,,XAL607-0637,,調整ﾌﾞﾛｯｸ,,2025/3/17 0:00,2025/5/9 0:00,,2025/5/9 0:00,2025/5/8 0:00,,外注加工,㈱FK,4,4,0,0,4,,,部品
302090,3804-00,3804-00,B,#700,,XAL607-0637,,調整ﾌﾞﾛｯｸ,,2025/3/17 0:00,2025/5/9 0:00,,2025/5/9 0:00,2025/5/8 0:00,,外注加工,㈱FK,4,4,0,0,4,,,部品
302091,3804-00,3804-00,B,#700,,XAL607-0724A,,移動端金具,,2025/3/17 0:00,2025/5/9 0:00,,2025/5/9 0:00,2025/5/8 0:00,,外注加工,㈱FK,2,2,0,0,2,,,部品
302092,3804-00,3804-00,B,#800,,XAL607-0815,,ﾛｹｰﾀ1,,2025/3/17 0:00,2025/5/9 0:00,,2025/5/9 0:00,2025/5/8 0:00,,外注加工,㈱FK,2,2,0,0,2,,,部品
302093,3804-00,3804-00,B,#800,,XAL607-0816,,ﾛｹｰﾀ2,,2025/3/17 0:00,2025/5/9 0:00,,2025/5/9 0:00,2025/5/8 0:00,,外注加工,㈱FK,2,2,0,0,2,,,部品
302094,3804-00,3804-00,B,#400,,XAL607-0413,,ｽﾍﾟｰｻ,,2025/3/17 0:00,2025/5/7 0:00,2025/5/7 0:00,2025/5/7 0:00,2025/5/7 0:00,,外注加工,ｴｽ･ｸﾗﾌﾄ,4,4,0,0,4,,,部品
302095,3804-00,3804-00,B,#500,,XAL607-0513,,ｽﾍﾟｰｻ,,2025/3/17 0:00,2025/5/7 0:00,2025/5/7 0:00,2025/5/7 0:00,2025/5/7 0:00,,外注加工,ｴｽ･ｸﾗﾌﾄ,4,4,0,0,4,,,部品
302096,3804-00,3804-00,B,#700,,XAL607-0716,,ﾘﾆｱﾌﾞﾗｹｯﾄ,,2025/3/17 0:00,2025/5/7 0:00,2025/5/7 0:00,2025/5/7 0:00,2025/5/7 0:00,,外注加工,ｴｽ･ｸﾗﾌﾄ,2,2,0,0,2,,,部品
302106,3804-00,3804-00,B,#600,,XAL607-0540,,ｾﾝｻｱﾝﾌﾟｽﾃｰ,,2025/3/17 0:00,2025/5/9 0:00,,2025/5/9 0:00,2025/5/8 0:00,,外注加工,㈲片山工業所,1,1,0,0,1,,,部品
302107,3804-00,3804-00,B,#1000,,XAL607-1012A,,空圧機器ﾊﾟﾈﾙ3,,2025/3/17 0:00,2025/5/9 0:00,,2025/5/9 0:00,2025/5/8 0:00,,外注加工,㈲片山工業所,1,1,0,0,1,,,部品
302108,3804-00,3804-00,B,#200,,XAL607-0221A,,ｽﾄｯﾊﾟ,,2025/3/17 0:00,2025/5/13 0:00,,2025/5/13 0:00,2025/5/13 0:00,,外注加工,宮本鉄工㈲,1,1,0,0,1,,,部品
302110,3804-00,3804-00,B,#200,,XAL607-0223,,固定端金具,,2025/3/17 0:00,2025/5/13 0:00,,2025/5/13 0:00,2025/5/13 0:00,,外注加工,宮本鉄工㈲,1,1,0,0,1,,,部品
302111,3804-00,3804-00,B,#200,,XAL607-0224,,移動端金具,,2025/3/17 0:00,2025/5/13 0:00,,2025/5/13 0:00,2025/5/13 0:00,,外注加工,宮本鉄工㈲,1,1,0,0,1,,,部品
302112,3804-00,3804-00,B,#400,,XAL607-0423,,固定端金具,,2025/3/17 0:00,2025/5/13 0:00,,2025/5/13 0:00,2025/5/13 0:00,,外注加工,宮本鉄工㈲,1,1,0,0,1,,,部品
302113,3804-00,3804-00,B,#400,,XAL607-0438A,,固定端金具,,2025/3/17 0:00,2025/5/13 0:00,,2025/5/13 0:00,2025/5/13 0:00,,外注加工,宮本鉄工㈲,1,1,0,0,1,,,部品
302114,3804-00,3804-00,B,#400,,XAL607-0439A,,移動端金具,,2025/3/17 0:00,2025/5/13 0:00,,2025/5/13 0:00,2025/5/13 0:00,,外注加工,宮本鉄工㈲,1,1,0,0,1,,,部品
302115,3804-00,3804-00,B,#500,,XAL607-0517,,固定端金具,,2025/3/17 0:00,2025/5/13 0:00,,2025/5/13 0:00,2025/5/13 0:00,,外注加工,宮本鉄工㈲,1,1,0,0,1,,,部品
302116,3804-00,3804-00,B,#600,,XAL607-0628,,ｾﾝｻ台,,2025/3/17 0:00,2025/5/13 0:00,,2025/5/13 0:00,2025/5/13 0:00,,外注加工,宮本鉄工㈲,1,1,0,0,1,,,部品
302117,3804-00,3804-00,B,#600,,XAL607-0640,,ｾﾝｻBKT,,2025/3/17 0:00,2025/5/13 0:00,,2025/5/13 0:00,2025/5/13 0:00,,外注加工,宮本鉄工㈲,2,2,0,0,2,,,部品
302118,3804-00,3804-00,B,#700,,XAL607-0731,,ﾌｰﾄBKT,,2025/3/17 0:00,2025/5/13 0:00,,2025/5/13 0:00,2025/5/13 0:00,,外注加工,宮本鉄工㈲,2,2,0,0,2,,,部品
302119,3804-00,3804-00,B,#900,,XAL607-0917,,非常停止ｽﾃｰ,,2025/3/17 0:00,2025/5/13 0:00,,2025/5/13 0:00,2025/5/13 0:00,,外注加工,宮本鉄工㈲,1,1,0,0,1,,,部品
302120,3804-00,3804-00,B,#100,,XAL607-0133,,ｽﾄｯﾊﾟ,,2025/3/17 0:00,2025/5/8 0:00,,2025/5/8 0:00,2025/5/2 0:00,,外注加工,中山電材㈱,2,2,0,0,2,,,部品
302121,3804-00,3804-00,B,#600,,XAL607-0636,,ｶﾞｲﾄﾞ,,2025/3/17 0:00,2025/5/8 0:00,,2025/5/8 0:00,2025/5/2 0:00,,外注加工,中山電材㈱,3,3,0,0,3,,,部品
302122,3804-00,3804-00,B,#900,,XAL607-0920B,,指詰め防止ｶﾊﾞｰ1,,2025/3/17 0:00,2025/5/19 0:00,,2025/5/19 0:00,2025/5/14 0:00,,外注加工,福研工販㈱,2,2,0,0,2,,,部品
302123,3804-00,3804-00,B,#900,,XAL607-0921B,,指詰め防止ｶﾊﾞｰ2,,2025/3/17 0:00,2025/5/19 0:00,,2025/5/19 0:00,2025/5/14 0:00,,外注加工,福研工販㈱,2,2,0,0,2,,,部品
302124,3804-00,3804-00,B,#400,,XAL607-0414,,ｾﾝｻｰﾚｰﾙｽﾃｰ,,2025/3/17 0:00,2025/5/13 0:00,,2025/5/13 0:00,2025/5/12 0:00,,外注加工,㈱泉工業所,1,1,0,0,1,,,部品
302125,3804-00,3804-00,B,#400,,XAL607-0422,,移動端金具,,2025/3/17 0:00,2025/5/13 0:00,,2025/5/13 0:00,2025/5/12 0:00,,外注加工,㈱泉工業所,1,1,0,0,1,,,部品
302126,3804-00,3804-00,B,#400,,XAL607-0430A,,ｸﾞﾘｽｶﾊﾞｰ,,2025/3/17 0:00,2025/5/13 0:00,,2025/5/13 0:00,2025/5/12 0:00,,外注加工,㈱泉工業所,2,2,0,0,2,,,部品
302127,3804-00,3804-00,B,#400,,XAL607-0442,,取付ｱﾝｸﾞﾙ,,2025/3/17 0:00,2025/5/13 0:00,,2025/5/13 0:00,2025/5/12 0:00,,外注加工,㈱泉工業所,1,1,0,0,1,,,部品
302128,3804-00,3804-00,B,#500,,XAL607-0414,,ｾﾝｻｰﾚｰﾙｽﾃｰ,,2025/3/17 0:00,2025/5/13 0:00,,2025/5/13 0:00,2025/5/12 0:00,,外注加工,㈱泉工業所,1,1,0,0,1,,,部品
302129,3804-00,3804-00,B,#500,,XAL607-0516,,移動端金具,,2025/3/17 0:00,2025/5/13 0:00,,2025/5/13 0:00,2025/5/12 0:00,,外注加工,㈱泉工業所,1,1,0,0,1,,,部品
302130,3804-00,3804-00,B,#500,,XAL607-0520D,,吸着ﾌﾟﾚｰﾄ,,2025/3/17 0:00,2025/5/13 0:00,,2025/5/13 0:00,2025/5/12 0:00,,外注加工,㈱泉工業所,1,1,0,0,1,,,部品
302131,3804-00,3804-00,B,#500,,XAL607-0527,,ｸﾞﾘｽｶﾊﾞｰ,,2025/3/17 0:00,2025/5/13 0:00,,2025/5/13 0:00,2025/5/12 0:00,,外注加工,㈱泉工業所,2,2,0,0,2,,,部品
302132,3804-00,3804-00,B,#600,,XAL607-0617,,ｸﾞﾘｽｶﾊﾞｰ,,2025/3/17 0:00,2025/5/13 0:00,,2025/5/13 0:00,2025/5/12 0:00,,外注加工,㈱泉工業所,2,2,0,0,2,,,部品
302133,3804-00,3804-00,B,#600,,XAL607-0630A,,移動端金具,,2025/3/17 0:00,2025/5/13 0:00,,2025/5/13 0:00,2025/5/12 0:00,,外注加工,㈱泉工業所,1,1,0,0,1,,,部品
302134,3804-00,3804-00,B,#600,,XAL607-0632B,,固定端金具,,2025/3/17 0:00,2025/5/13 0:00,,2025/5/13 0:00,2025/5/12 0:00,,外注加工,㈱泉工業所,1,1,0,0,1,,,部品
302135,3804-00,3804-00,B,#600,,XAL607-0639A,,ｶﾞｲﾄﾞ受,,2025/3/17 0:00,2025/5/13 0:00,,2025/5/13 0:00,2025/5/12 0:00,,外注加工,㈱泉工業所,3,3,0,0,3,,,部品
302136,3804-00,3804-00,B,#600,,XAL607-0612A,,ﾛﾎﾞｼﾘｽﾃｰ,,2025/3/17 0:00,2025/5/12 0:00,2025/5/12 0:00,2025/5/12 0:00,2025/5/12 0:00,,外注加工,㈱ｼﾓﾉ,1,1,0,0,1,,,部品
302137,3804-00,3804-00,B,#600,,XAL607-0613,,ｶﾞｲﾄﾞﾌﾟﾚｰﾄ,,2025/3/17 0:00,2025/5/12 0:00,2025/5/12 0:00,2025/5/12 0:00,2025/5/12 0:00,,外注加工,㈱ｼﾓﾉ,1,1,0,0,1,,,部品
302138,3804-00,3804-00,B,#600,,XAL607-0614,,ｶﾞｲﾄﾞﾌﾟﾚｰﾄ,,2025/3/17 0:00,2025/5/12 0:00,2025/5/12 0:00,2025/5/12 0:00,2025/5/12 0:00,,外注加工,㈱ｼﾓﾉ,1,1,0,0,1,,,部品
302139,3804-00,3804-00,B,#100,,XAL607-0141A,,ｽﾃｰｼﾞｶﾊﾞｰ1,,2025/3/17 0:00,2025/5/12 0:00,2025/5/12 0:00,2025/5/12 0:00,2025/5/8 0:00,,外注加工,㈱武村鉄工所,1,1,0,0,1,,,部品
302140,3804-00,3804-00,B,#100,,XAL607-0142A,,ｽﾃｰｼﾞｶﾊﾞｰ2,,2025/3/17 0:00,2025/5/12 0:00,2025/5/12 0:00,2025/5/12 0:00,2025/5/8 0:00,,外注加工,㈱武村鉄工所,1,1,0,0,1,,,部品
302141,3804-00,3804-00,B,#200,,XAL607-0228,,ｺﾝﾍﾞｱﾌﾚｰﾑ7,,2025/3/17 0:00,2025/5/12 0:00,2025/5/12 0:00,2025/5/12 0:00,2025/5/8 0:00,,外注加工,㈱武村鉄工所,1,1,0,0,1,,,部品
302142,3804-00,3804-00,B,#200,,XAL607-0229,,ｺﾝﾍﾞｱﾌﾚｰﾑ8,,2025/3/17 0:00,2025/5/12 0:00,2025/5/12 0:00,2025/5/12 0:00,2025/5/8 0:00,,外注加工,㈱武村鉄工所,1,1,0,0,1,,,部品
302143,3804-00,3804-00,B,#500,,XAL607-0515,,ｽﾍﾟｰｻ,,2025/3/17 0:00,2025/5/12 0:00,2025/5/12 0:00,2025/5/12 0:00,2025/5/8 0:00,,外注加工,㈱武村鉄工所,4,4,0,0,4,,,部品
302144,3804-00,3804-00,B,#500,,XAL607-0519A,,ﾏｸﾞﾈｯﾄﾍﾞｰｽ,,2025/3/17 0:00,2025/5/12 0:00,2025/5/12 0:00,2025/5/12 0:00,2025/5/8 0:00,,外注加工,㈱武村鉄工所,1,1,0,0,1,,,部品
302145,3804-00,3804-00,B,#600,,XAL607-0535A,,垂れｾﾝｻｰｽﾃｰR,,2025/3/17 0:00,2025/5/12 0:00,2025/5/12 0:00,2025/5/12 0:00,2025/5/8 0:00,,外注加工,㈱武村鉄工所,1,1,0,0,1,,,部品
302146,3804-00,3804-00,B,#600,,XAL607-0536A,,垂れｾﾝｻｰｽﾃｰL,,2025/3/17 0:00,2025/5/12 0:00,2025/5/12 0:00,2025/5/12 0:00,2025/5/8 0:00,,外注加工,㈱武村鉄工所,1,1,0,0,1,,,部品
302147,3804-00,3804-00,B,#600,,XAL607-0537,,反射板ｽﾃｰR,,2025/3/17 0:00,2025/5/12 0:00,2025/5/12 0:00,2025/5/12 0:00,2025/5/8 0:00,,外注加工,㈱武村鉄工所,1,1,0,0,1,,,部品
302148,3804-00,3804-00,B,#600,,XAL607-0538,,反射板ｽﾃｰL,,2025/3/17 0:00,2025/5/12 0:00,2025/5/12 0:00,2025/5/12 0:00,2025/5/8 0:00,,外注加工,㈱武村鉄工所,1,1,0,0,1,,,部品
302149,3804-00,3804-00,B,#600,,XAL607-0539,,反射板ｱﾀﾞﾌﾟﾀ,,2025/3/17 0:00,2025/5/12 0:00,2025/5/12 0:00,2025/5/12 0:00,2025/5/8 0:00,,外注加工,㈱武村鉄工所,2,2,0,0,2,,,部品
302150,3804-00,3804-00,B,#600,,XAL607-0611,,ﾛﾎﾞｼﾘｽﾃｰ,,2025/3/17 0:00,2025/5/12 0:00,2025/5/12 0:00,2025/5/12 0:00,2025/5/8 0:00,,外注加工,㈱武村鉄工所,1,1,0,0,1,,,部品
302153,3804-00,3804-00,B,#600,,XAL607-0627,,ﾓｰﾀBKT,,2025/3/17 0:00,2025/5/12 0:00,2025/5/12 0:00,2025/5/12 0:00,2025/5/8 0:00,,外注加工,㈱武村鉄工所,1,1,0,0,1,,,部品
302154,3804-00,3804-00,B,#700,,XAL607-0710,,ﾛﾎﾞｼﾘｽﾃｰ,,2025/3/17 0:00,2025/5/12 0:00,2025/5/12 0:00,2025/5/12 0:00,2025/5/8 0:00,,外注加工,㈱武村鉄工所,1,1,0,0,1,,,部品
302155,3804-00,3804-00,B,#700,,XAL607-0711A,,ﾛﾎﾞｼﾘｽﾃｰ,,2025/3/17 0:00,2025/5/12 0:00,2025/5/12 0:00,2025/5/12 0:00,2025/5/8 0:00,,外注加工,㈱武村鉄工所,1,1,0,0,1,,,部品
302158,3804-00,3804-00,B,#700,,XAL607-0722,,ｽﾍﾟｰｻ,,2025/3/17 0:00,2025/5/12 0:00,2025/5/12 0:00,2025/5/12 0:00,2025/5/8 0:00,,外注加工,㈱武村鉄工所,2,2,0,0,2,,,部品
302159,3804-00,3804-00,B,#100,,XAL607-0128,,ｾﾝｻ板,,2025/3/17 0:00,2025/5/15 0:00,2025/5/15 0:00,2025/5/15 0:00,2025/5/15 0:00,,外注加工,㈱ﾚ-ｻﾞﾏｯｸｽ,2,2,0,0,2,,,部品
302160,3804-00,3804-00,B,#300,,XAL607-0314,,ｽﾍﾟｰｻ,,2025/3/17 0:00,2025/5/15 0:00,2025/5/15 0:00,2025/5/15 0:00,2025/5/15 0:00,,外注加工,㈱ﾚ-ｻﾞﾏｯｸｽ,1,1,0,0,1,,,部品
302161,3804-00,3804-00,B,#400,,XAL607-0420,,ﾄﾞｸﾞ,,2025/3/17 0:00,2025/5/15 0:00,2025/5/15 0:00,2025/5/15 0:00,2025/5/15 0:00,,外注加工,㈱ﾚ-ｻﾞﾏｯｸｽ,1,1,0,0,1,,,部品
302162,3804-00,3804-00,B,#500,,XAL607-0420,,ﾄﾞｸﾞ,,2025/3/17 0:00,2025/5/15 0:00,2025/5/15 0:00,2025/5/15 0:00,2025/5/15 0:00,,外注加工,㈱ﾚ-ｻﾞﾏｯｸｽ,1,1,0,0,1,,,部品
302163,3804-00,3804-00,B,#600,,XAL607-0610,,ﾄﾞｸﾞ,,2025/3/17 0:00,2025/5/15 0:00,2025/5/15 0:00,2025/5/15 0:00,2025/5/15 0:00,,外注加工,㈱ﾚ-ｻﾞﾏｯｸｽ,1,1,0,0,1,,,部品
302164,3804-00,3804-00,B,#700,,XAL607-0610,,ﾄﾞｸﾞ,,2025/3/17 0:00,2025/5/15 0:00,2025/5/15 0:00,2025/5/15 0:00,2025/5/15 0:00,,外注加工,㈱ﾚ-ｻﾞﾏｯｸｽ,1,1,0,0,1,,,部品
302165,3804-00,3804-00,B,#900,,XAL607-0922,,ｶﾊﾞｰ押え1,,2025/3/17 0:00,2025/5/7 0:00,,2025/5/7 0:00,2025/5/7 0:00,,外注加工,㈱ﾚﾝｺ-,4,4,0,0,4,,,部品
302166,3804-00,3804-00,B,#900,,XAL607-0923,,ｶﾊﾞｰ押え2,,2025/3/17 0:00,2025/5/7 0:00,,2025/5/7 0:00,2025/5/7 0:00,,外注加工,㈱ﾚﾝｺ-,4,4,0,0,4,,,部品
302167,3804-00,3804-00,B,#400,,XAL607-0445,,治具ｶﾞｲﾄﾞ,,2025/3/17 0:00,2025/5/16 0:00,,2025/5/16 0:00,2025/5/13 0:00,,外注加工,㈲日本海企画,2,2,0,0,2,,,部品
302168,3804-00,3804-00,B,#600,,XAL607-0633A,,ｾﾝﾀｰｶﾊﾞｰ1,,2025/3/17 0:00,2025/5/16 0:00,,2025/5/16 0:00,2025/5/13 0:00,,外注加工,㈲日本海企画,1,1,0,0,1,,,部品
302169,3804-00,3804-00,B,#600,,XAL607-0642,,ｾﾝﾀｰｶﾊﾞｰ2,,2025/3/17 0:00,2025/5/16 0:00,,2025/5/16 0:00,2025/5/13 0:00,,外注加工,㈲日本海企画,1,1,0,0,1,,,部品
302170,3804-00,3804-00,B,#600,,XAL607-0643,,ｾﾝﾀｰｶﾊﾞｰ3,,2025/3/17 0:00,2025/5/16 0:00,,2025/5/16 0:00,2025/5/13 0:00,,外注加工,㈲日本海企画,1,1,0,0,1,,,部品
302171,3804-00,3804-00,B,#900,,XAL607-0911A,,側面ﾏﾄﾞ板,,2025/3/17 0:00,2025/5/16 0:00,,2025/5/16 0:00,2025/5/13 0:00,,外注加工,㈲日本海企画,2,2,0,0,2,,,部品
302172,3804-00,3804-00,B,#900,,XAL607-0912,,正面ﾏﾄﾞ板,,2025/3/17 0:00,2025/5/16 0:00,,2025/5/16 0:00,2025/5/13 0:00,,外注加工,㈲日本海企画,1,1,0,0,1,,,部品
302173,3804-00,3804-00,B,#900,,XAL607-0914,,天井ﾏﾄﾞ板,,2025/3/17 0:00,2025/5/16 0:00,,2025/5/16 0:00,2025/5/13 0:00,,外注加工,㈲日本海企画,1,1,0,0,1,,,部品
302174,3804-00,3804-00,B,#900,,XAL607-0915B,,ﾄﾞｱﾏﾄﾞ板,,2025/3/17 0:00,2025/5/16 0:00,,2025/5/16 0:00,2025/5/13 0:00,,外注加工,㈲日本海企画,1,1,0,0,1,,,部品
302175,3804-00,3804-00,B,#900,,XAL607-0916,,天井ﾏﾄﾞ板,,2025/3/17 0:00,2025/5/16 0:00,,2025/5/16 0:00,2025/5/13 0:00,,外注加工,㈲日本海企画,1,1,0,0,1,,,部品
302176,3804-00,3804-00,B,#900,,XAL607-0918A,,正面ｶﾊﾞｰ,,2025/3/17 0:00,2025/5/16 0:00,,2025/5/16 0:00,2025/5/13 0:00,,外注加工,㈲日本海企画,1,1,0,0,1,,,部品
302177,3804-00,3804-00,B,#900,,XAL607-0924B,,背面ﾄﾞｱﾏﾄﾞ板右,,2025/3/17 0:00,2025/5/16 0:00,,2025/5/16 0:00,2025/5/13 0:00,,外注加工,㈲日本海企画,1,1,0,0,1,,,部品
302178,3804-00,3804-00,B,#900,,XAL607-0925,,背面ﾄﾞｱﾏﾄﾞ板左,,2025/3/17 0:00,2025/5/16 0:00,,2025/5/16 0:00,2025/5/13 0:00,,外注加工,㈲日本海企画,1,1,0,0,1,,,部品
302179,3804-00,3804-00,B,#900,,XAL607-0927,,側面ﾏﾄﾞ板2,,2025/3/17 0:00,2025/5/16 0:00,,2025/5/16 0:00,2025/5/13 0:00,,外注加工,㈲日本海企画,1,1,0,0,1,,,部品
302180,3804-00,3804-00,B,#400,,XAL607-0434,,ﾍﾞﾙﾄｶﾊﾞｰ1,,2025/3/17 0:00,2025/5/16 0:00,2025/5/16 0:00,2025/5/16 0:00,2025/5/16 0:00,,外注加工,㈲ｴﾅﾃｯｸ,1,1,0,0,1,,,部品
302181,3804-00,3804-00,B,#400,,XAL607-0435,,ﾍﾞﾙﾄｶﾊﾞｰ2,,2025/3/17 0:00,2025/5/16 0:00,2025/5/16 0:00,2025/5/16 0:00,2025/5/16 0:00,,外注加工,㈲ｴﾅﾃｯｸ,1,1,0,0,1,,,部品
302182,3804-00,3804-00,B,#500,,XAL607-0528,,ﾍﾞﾙﾄｶﾊﾞｰ1,,2025/3/17 0:00,2025/5/16 0:00,2025/5/16 0:00,2025/5/16 0:00,2025/5/16 0:00,,外注加工,㈲ｴﾅﾃｯｸ,1,1,0,0,1,,,部品
302183,3804-00,3804-00,B,#500,,XAL607-0529,,ﾍﾞﾙﾄｶﾊﾞｰ2,,2025/3/17 0:00,2025/5/16 0:00,2025/5/16 0:00,2025/5/16 0:00,2025/5/16 0:00,,外注加工,㈲ｴﾅﾃｯｸ,1,1,0,0,1,,,部品
302184,3804-00,3804-00,B,#600,,XAL607-0629A,,ﾍﾞﾙﾄｶﾊﾞｰ,,2025/3/17 0:00,2025/5/16 0:00,2025/5/16 0:00,2025/5/16 0:00,2025/5/16 0:00,,外注加工,㈲ｴﾅﾃｯｸ,1,1,0,0,1,,,部品
302185,3804-00,3804-00,B,#300,,XAL607-0311A,,ｵｻｴｺﾞﾑ,UNSE5-10,2025/3/17 0:00,2025/5/19 0:00,2025/5/19 0:00,2025/5/19 0:00,2025/4/8 0:00,,外注加工,㈲北日商会,2,2,0,0,2,,,部品
302186,3804-00,3804-00,B,#300,,XAL607-0312A,,ｵｻｴｺﾞﾑ,UNSE5-10,2025/3/17 0:00,2025/5/19 0:00,2025/5/19 0:00,2025/5/19 0:00,2025/4/8 0:00,,外注加工,㈲北日商会,2,2,0,0,2,,,部品
302187,3804-00,3804-00,B,#500,,XAL607-0532C(K-1),,ﾗﾊﾞｰﾏｸﾞﾈｯﾄ,RSN-19,2025/3/17 0:00,2025/5/19 0:00,2025/5/19 0:00,2025/5/19 0:00,2025/4/8 0:00,,外注加工,㈲北日商会,2,2,0,0,2,,,部品
302190,3804-00,3804-00,B,#200,,_XAL607-0232,,ﾋﾝｼﾞﾍﾞｰｽ,HGBTM14-W22-H35,2025/3/17 0:00,2025/4/2 0:00,,2025/4/2 0:00,2025/4/2 0:00,2025/4/2 0:00,購入品手配,㈱ﾐｽﾐ,2,2,0,2,0,,,部品
302191,3804-00,3804-00,B,#400,,_XAL607-0443,,取入ｾｯﾄｶﾗｰ1,SSCDN40,2025/3/17 0:00,2025/4/2 0:00,,2025/4/2 0:00,2025/4/2 0:00,2025/4/2 0:00,購入品手配,㈱ﾐｽﾐ,1,1,0,1,0,,,部品
302192,3804-00,3804-00,B,#400,,_XAL607-0444,,取入ｾｯﾄｶﾗｰ2,SSCDN40,2025/3/17 0:00,2025/4/2 0:00,,2025/4/2 0:00,2025/4/2 0:00,2025/4/2 0:00,購入品手配,㈱ﾐｽﾐ,1,1,0,1,0,,,部品
302193,3804-00,3804-00,B,#400,,XAL607-0415,,ｾﾝｻｰﾚｰﾙ,SENC33H-330-V15-W40-X65-N3.5,2025/3/17 0:00,2025/5/23 0:00,,2025/5/23 0:00,,,購入品手配,㈱ﾐｽﾐ,1,0,1,0,1,,,部品
302194,3804-00,3804-00,B,#500,,XAL607-0415,,ｾﾝｻｰﾚｰﾙ,SENC33H-330-V15-W40-X65-N3.5,2025/3/17 0:00,2025/5/23 0:00,,2025/5/23 0:00,,,購入品手配,㈱ﾐｽﾐ,1,0,1,0,1,,,部品
302199,3804-00,3804-00,B,#600,,XAL607-0616B,,ｼﾞｮｲﾝﾄ,,2025/3/21 0:00,2025/5/12 0:00,,2025/5/12 0:00,2025/5/8 0:00,,外注加工,㈱ｵｶﾀﾞ精機,1,1,0,0,1,,,部品
302200,3804-00,3804-00,B,#600,,XAL607-0624C,,旋回ｱｰﾑ,,2025/3/21 0:00,2025/5/12 0:00,,2025/5/12 0:00,2025/5/8 0:00,,外注加工,㈱ｵｶﾀﾞ精機,2,2,0,0,2,,,部品
302201,3804-00,3804-00,B,#700,,XAL607-0712,,ｼﾞｮｲﾝﾄ,,2025/3/21 0:00,2025/5/12 0:00,,2025/5/12 0:00,2025/5/8 0:00,,外注加工,㈱ｵｶﾀﾞ精機,1,1,0,0,1,,,部品
302202,3804-00,3804-00,B,#700,,XAL607-0713,,ｼﾞｮｲﾝﾄ,,2025/3/21 0:00,2025/5/12 0:00,,2025/5/12 0:00,2025/5/8 0:00,,外注加工,㈱ｵｶﾀﾞ精機,1,1,0,0,1,,,部品
302203,3804-00,3804-00,B,#200,,XAL607-0232,,ﾋﾝｼﾞﾍﾞｰｽ,※購入品支給(HGBTM14-W22-H35),2025/3/18 0:00,2025/5/12 0:00,2025/5/12 0:00,2025/5/12 0:00,2025/5/8 0:00,,外注加工,田中精機㈲,2,2,0,0,2,,,部品
302204,3804-00,3804-00,B,#400,,XAL607-0443,,取入ｾｯﾄｶﾗｰ1(追加工),※購入品支給(SSCDN40),2025/3/18 0:00,2025/5/12 0:00,2025/5/12 0:00,2025/5/12 0:00,2025/4/25 0:00,,外注加工,田中精機㈲,1,1,0,0,1,,,部品
302205,3804-00,3804-00,B,#400,,XAL607-0444,,取入ｾｯﾄｶﾗｰ2(追加工),※購入品支給(SSCDN40),2025/3/18 0:00,2025/5/12 0:00,2025/5/12 0:00,2025/5/12 0:00,2025/4/25 0:00,,外注加工,田中精機㈲,1,1,0,0,1,,,部品
302206,3804-00,3804-00,B,#900,,XAL607-0926,,ｴﾘｱｾﾝｻｰｶﾊﾞｰ(追加工),※購入品支給(GL-SA28S),2025/3/18 0:00,2025/5/12 0:00,2025/5/12 0:00,2025/5/12 0:00,2025/5/19 0:00,,外注加工,田中精機㈲,4,4,0,0,4,,,部品
302323,3804-00,3804-00,B,#300,,XAL607-0313B,,ﾆｯﾌﾟｸﾗﾝﾌﾟ,※表面処理含む,2025/3/20 0:00,2025/5/14 0:00,2025/5/14 0:00,2025/5/14 0:00,2025/5/14 0:00,,外注加工,ﾐﾔﾏ精工㈱,2,2,0,0,2,,,部品
302324,3804-00,3804-00,B,#400,,XAL607-0416B,,ｴｱﾍｯﾄﾞ板,,2025/3/20 0:00,2025/5/14 0:00,2025/5/14 0:00,2025/5/14 0:00,2025/5/14 0:00,,外注加工,ﾐﾔﾏ精工㈱,1,1,0,0,1,,,部品
302351,3804-00,3804-00,B,#100,,XAL607-0124F,,真空ﾃｰﾌﾞﾙ01,,2025/3/20 0:00,2025/5/12 0:00,2025/5/12 0:00,2025/5/12 0:00,2025/5/19 0:00,,外注加工,田中精機㈲,1,1,0,0,1,,,部品
302352,3804-00,3804-00,B,#100,,XAL607-0125D,,真空ﾃｰﾌﾞﾙ02,,2025/3/20 0:00,2025/5/12 0:00,2025/5/12 0:00,2025/5/12 0:00,2025/5/19 0:00,,外注加工,田中精機㈲,1,1,0,0,1,,,部品
302353,3804-00,3804-00,B,#100,,XAL607-0126D,,真空ﾃｰﾌﾞﾙ03,,2025/3/20 0:00,2025/5/12 0:00,2025/5/12 0:00,2025/5/12 0:00,2025/5/19 0:00,,外注加工,田中精機㈲,1,1,0,0,1,,,部品
302354,3804-00,3804-00,B,#600,,XAL607-0625A,,旋回軸,,2025/3/20 0:00,2025/5/8 0:00,2025/5/8 0:00,2025/5/8 0:00,2025/5/9 0:00,,外注加工,㈱福東製作所,1,1,0,0,1,,,部品
303594,3804-00,3804-00,B,#600,,XAL607-0621A,,旋回軸受4,,2025/4/9 0:00,2025/4/10 0:00,,2025/4/10 0:00,2025/4/11 0:00,2025/4/11 0:00,表面処理,清川ﾒｯｷ工業㈱,1,1,0,1,0,,25-120　ｶﾆｾﾞﾝ,部品
303595,3804-00,3804-00,B,#700,,XAL607-0729(K-1),,ｽﾄｯﾊﾟBKT,,2025/4/9 0:00,2025/4/10 0:00,,2025/4/10 0:00,2025/4/11 0:00,2025/4/11 0:00,表面処理,清川ﾒｯｷ工業㈱,2,2,0,2,0,,25-120　ｶﾆｾﾞﾝ,部品
303762,3804-00,3804-00,B,#200,,XAL607-0218A,,ﾃﾝｼｮﾝBKT,,2025/4/10 0:00,2025/4/11 0:00,,2025/4/11 0:00,2025/4/11 0:00,2025/4/11 0:00,表面処理,三和ﾒｯｷ工業㈱,1,1,0,1,0,,25-121　ｶﾆｾﾞﾝ(7μm),部品
303796,3804-00,3804-00,B,#600,,XAL607-0620,,旋回軸受3,,2025/4/10 0:00,2025/4/11 0:00,,2025/4/11 0:00,2025/4/14 0:00,2025/4/14 0:00,表面処理,清川ﾒｯｷ工業㈱,1,1,0,1,0,,25-112　ｶﾆｾﾞﾝ,部品
303846,3804-00,3804-00,B,#500,,XAL607-0530,,ﾌﾞﾗｹｯﾄ,,2025/4/11 0:00,2025/4/14 0:00,,2025/4/14 0:00,2025/4/14 0:00,2025/4/14 0:00,表面処理,三和ﾒｯｷ工業㈱,2,2,0,2,0,,25-123　ｶﾆｾﾞﾝ,部品
303847,3804-00,3804-00,B,#700,,XAL607-0727A,,ﾛｰﾗｰBKT R2,,2025/4/11 0:00,2025/4/14 0:00,,2025/4/14 0:00,2025/4/14 0:00,2025/4/14 0:00,表面処理,三和ﾒｯｷ工業㈱,1,1,0,1,0,,25-123　ｶﾆｾﾞﾝ,部品
303848,3804-00,3804-00,B,#700,,XAL607-0728A,,ﾛｰﾗｰBKT L2,,2025/4/11 0:00,2025/4/14 0:00,,2025/4/14 0:00,2025/4/14 0:00,2025/4/14 0:00,表面処理,三和ﾒｯｷ工業㈱,1,1,0,1,0,,25-123　ｶﾆｾﾞﾝ,部品
305265,3804-00,3804-00,B,#200,,XAL607-0217,,ﾓｰﾀｰBKT,,2025/5/9 0:00,2025/5/12 0:00,,2025/5/12 0:00,2025/5/14 0:00,2025/5/14 0:00,表面処理,清川ﾒｯｷ工業㈱,1,1,0,1,0,,25-152　ｶﾆｾﾞﾝ,部品
305266,3804-00,3804-00,B,#400,,XAL607-0432,,ﾃﾝｼｮﾝ調整板,,2025/5/9 0:00,2025/5/12 0:00,,2025/5/12 0:00,2025/5/14 0:00,2025/5/14 0:00,表面処理,清川ﾒｯｷ工業㈱,1,1,0,1,0,,25-152　ｶﾆｾﾞﾝ,部品
305267,3804-00,3804-00,B,#400,,XAL607-0441,,取付軸,,2025/5/9 0:00,2025/5/12 0:00,,2025/5/12 0:00,2025/5/14 0:00,2025/5/14 0:00,表面処理,清川ﾒｯｷ工業㈱,1,1,0,1,0,,25-152　ｶﾆｾﾞﾝ,部品
305268,3804-00,3804-00,B,#500,,XAL607-0432,,ﾃﾝｼｮﾝ調整板,,2025/5/9 0:00,2025/5/12 0:00,,2025/5/12 0:00,2025/5/14 0:00,2025/5/14 0:00,表面処理,清川ﾒｯｷ工業㈱,1,1,0,1,0,,25-152　ｶﾆｾﾞﾝ,部品
305269,3804-00,3804-00,B,#600,,XAL607-0615,,ｼﾞｮｲﾝﾄ,,2025/5/9 0:00,2025/5/12 0:00,,2025/5/12 0:00,2025/5/13 0:00,2025/5/13 0:00,表面処理,清川ﾒｯｷ工業㈱,1,1,0,1,0,,25-152　ｶﾆｾﾞﾝ(A5052),部品
305270,3804-00,3804-00,B,#600,,XAL607-0618A,,旋回軸受1,,2025/5/9 0:00,2025/5/12 0:00,,2025/5/12 0:00,2025/5/14 0:00,2025/5/14 0:00,表面処理,清川ﾒｯｷ工業㈱,1,1,0,1,0,,25-152　ｶﾆｾﾞﾝ,部品
305271,3804-00,3804-00,B,#600,,XAL607-0619A,,旋回軸受2,,2025/5/9 0:00,2025/5/12 0:00,,2025/5/12 0:00,2025/5/14 0:00,2025/5/14 0:00,表面処理,清川ﾒｯｷ工業㈱,1,1,0,1,0,,25-152　ｶﾆｾﾞﾝ,部品
305272,3804-00,3804-00,B,#700,,XAL607-0716,,ﾘﾆｱﾌﾞﾗｹｯﾄ,,2025/5/9 0:00,2025/5/12 0:00,,2025/5/12 0:00,2025/5/14 0:00,2025/5/14 0:00,表面処理,清川ﾒｯｷ工業㈱,2,2,0,2,0,,25-152　ｶﾆｾﾞﾝ,部品
305280,3804-00,3804-00,B,#100,,XAL607-0114A,,ﾃｰﾌﾞﾙｽﾃｰ,,2025/5/9 0:00,2025/5/12 0:00,,2025/5/12 0:00,2025/5/12 0:00,,表面処理,三和ﾒｯｷ工業㈱,2,2,0,0,2,,25-151　ｶﾆｾﾞﾝ,部品
305281,3804-00,3804-00,B,#100,,XAL607-0115A,,ﾃｰﾌﾞﾙｽﾃｰ,,2025/5/9 0:00,2025/5/12 0:00,,2025/5/12 0:00,2025/5/12 0:00,,表面処理,三和ﾒｯｷ工業㈱,2,2,0,0,2,,25-151　ｶﾆｾﾞﾝ,部品
305282,3804-00,3804-00,B,#100,,XAL607-0116A,,ﾃｰﾌﾞﾙｽﾃｰ,,2025/5/9 0:00,2025/5/12 0:00,,2025/5/12 0:00,2025/5/12 0:00,,表面処理,三和ﾒｯｷ工業㈱,2,2,0,0,2,,25-151　ｶﾆｾﾞﾝ,部品
305283,3804-00,3804-00,B,#100,,XAL607-0117B,,ﾃｰﾌﾞﾙｽﾃｰ,,2025/5/9 0:00,2025/5/12 0:00,,2025/5/12 0:00,2025/5/12 0:00,,表面処理,三和ﾒｯｷ工業㈱,2,2,0,0,2,,25-151　ｶﾆｾﾞﾝ,部品
305284,3804-00,3804-00,B,#100,,XAL607-0118A,,ﾃｰﾌﾞﾙｽﾃｰ,,2025/5/9 0:00,2025/5/12 0:00,,2025/5/12 0:00,2025/5/12 0:00,,表面処理,三和ﾒｯｷ工業㈱,6,6,0,0,6,,25-151　ｶﾆｾﾞﾝ,部品
305300,3804-00,3804-00,B,#100,,XAL607-0141A,,ｽﾃｰｼﾞｶﾊﾞｰ1,,2025/5/12 0:00,2025/5/13 0:00,,2025/5/13 0:00,2025/5/13 0:00,,表面処理,三和ﾒｯｷ工業㈱,1,1,0,0,1,,25-153　ｶﾆｾﾞﾝ(ｱﾙﾐA5052),部品
305301,3804-00,3804-00,B,#100,,XAL607-0142A,,ｽﾃｰｼﾞｶﾊﾞｰ2,,2025/5/12 0:00,2025/5/13 0:00,,2025/5/13 0:00,2025/5/13 0:00,,表面処理,三和ﾒｯｷ工業㈱,1,1,0,0,1,,25-153　ｶﾆｾﾞﾝ(ｱﾙﾐA5052),部品
305302,3804-00,3804-00,B,#600,,XAL607-0616B,,ｼﾞｮｲﾝﾄ,,2025/5/12 0:00,2025/5/13 0:00,,2025/5/13 0:00,2025/5/13 0:00,,表面処理,三和ﾒｯｷ工業㈱,1,1,0,0,1,,25-153　ｶﾆｾﾞﾝ(ｱﾙﾐA5052),部品
305303,3804-00,3804-00,B,#600,,XAL607-0623,,ﾁｬｯｸBKT,,2025/5/12 0:00,2025/5/13 0:00,,2025/5/13 0:00,2025/5/13 0:00,,表面処理,三和ﾒｯｷ工業㈱,6,6,0,0,6,,25-153　ｶﾆｾﾞﾝ(ｱﾙﾐA5052),部品
305304,3804-00,3804-00,B,#600,,XAL607-0624C,,旋回ｱｰﾑ,,2025/5/12 0:00,2025/5/13 0:00,,2025/5/13 0:00,2025/5/13 0:00,,表面処理,三和ﾒｯｷ工業㈱,2,2,0,0,2,,25-153　ｶﾆｾﾞﾝ(ｱﾙﾐA5052),部品
305305,3804-00,3804-00,B,#600,,XAL607-0627,,ﾓｰﾀBKT,,2025/5/12 0:00,2025/5/13 0:00,,2025/5/13 0:00,2025/5/13 0:00,,表面処理,三和ﾒｯｷ工業㈱,1,1,0,0,1,,25-153　ｶﾆｾﾞﾝ(ｱﾙﾐA5052),部品
305306,3804-00,3804-00,B,#700,,XAL607-0712,,ｼﾞｮｲﾝﾄ,,2025/5/12 0:00,2025/5/13 0:00,,2025/5/13 0:00,2025/5/13 0:00,,表面処理,三和ﾒｯｷ工業㈱,1,1,0,0,1,,25-153　ｶﾆｾﾞﾝ(ｱﾙﾐA5052),部品
305307,3804-00,3804-00,B,#700,,XAL607-0713,,ｼﾞｮｲﾝﾄ,,2025/5/12 0:00,2025/5/13 0:00,,2025/5/13 0:00,2025/5/13 0:00,,表面処理,三和ﾒｯｷ工業㈱,1,1,0,0,1,,25-153　ｶﾆｾﾞﾝ(ｱﾙﾐA5052),部品
305324,3804-00,3804-00,B,#200,,XAL607-0228,,ｺﾝﾍﾞｱﾌﾚｰﾑ7,,2025/5/12 0:00,2025/5/13 0:00,,2025/5/13 0:00,2025/5/15 0:00,2025/5/15 0:00,表面処理,清川ﾒｯｷ工業㈱,1,1,0,1,0,,25-154　白ｱﾙﾏｲﾄ,部品
305325,3804-00,3804-00,B,#200,,XAL607-0229,,ｺﾝﾍﾞｱﾌﾚｰﾑ8,,2025/5/12 0:00,2025/5/13 0:00,,2025/5/13 0:00,2025/5/15 0:00,2025/5/15 0:00,表面処理,清川ﾒｯｷ工業㈱,1,1,0,1,0,,25-154　白ｱﾙﾏｲﾄ,部品
305326,3804-00,3804-00,B,#500,,XAL607-0515,,ｽﾍﾟｰｻ,,2025/5/12 0:00,2025/5/13 0:00,,2025/5/13 0:00,2025/5/15 0:00,2025/5/15 0:00,表面処理,清川ﾒｯｷ工業㈱,4,4,0,4,0,,25-154　白ｱﾙﾏｲﾄ,部品
305327,3804-00,3804-00,B,#700,,XAL607-0722,,ｽﾍﾟｰｻ,,2025/5/12 0:00,2025/5/13 0:00,,2025/5/13 0:00,2025/5/15 0:00,2025/5/15 0:00,表面処理,清川ﾒｯｷ工業㈱,2,2,0,2,0,,25-154　白ｱﾙﾏｲﾄ,部品
305335,3804-00,3804-00,B,#100,,XAL607-0127A,,ﾛｹｰﾀ,,2025/5/13 0:00,2025/5/20 0:00,,2025/5/20 0:00,2025/5/16 0:00,,表面処理,㈱福井熱処理,2,2,0,0,2,,塩浴軟窒化(ｲｿﾅｲﾄ)処理　S50C,部品
305337,3804-00,3804-00,B,#300,,XAL607-0315A,,ｸﾗﾝﾊﾟ,,2025/5/13 0:00,2025/5/15 0:00,,2025/5/15 0:00,2025/5/15 0:00,,表面処理,ﾌｼﾞﾀ技研㈱,4,4,0,0,4,,真空高温焼入 HRC50～　S50C,部品
305338,3804-00,3804-00,B,#400,,XAL607-0419,,ﾄﾞｸﾞ取付,,2025/5/12 0:00,2025/5/13 0:00,,2025/5/13 0:00,2025/5/14 0:00,2025/5/14 0:00,表面処理,清川ﾒｯｷ工業㈱,1,1,0,1,0,,25-154　三価ｸﾛﾒｰﾄ,部品
305339,3804-00,3804-00,B,#500,,XAL607-0419,,ﾄﾞｸﾞ取付,,2025/5/12 0:00,2025/5/13 0:00,,2025/5/13 0:00,2025/5/14 0:00,2025/5/14 0:00,表面処理,清川ﾒｯｷ工業㈱,1,1,0,1,0,,25-154　三価ｸﾛﾒｰﾄ,部品
305340,3804-00,3804-00,B,#600,,XAL607-0637,,調整ﾌﾞﾛｯｸ,,2025/5/12 0:00,2025/5/13 0:00,,2025/5/13 0:00,2025/5/14 0:00,2025/5/14 0:00,表面処理,清川ﾒｯｷ工業㈱,4,4,0,4,0,,25-154　三価ｸﾛﾒｰﾄ,部品
305341,3804-00,3804-00,B,#700,,XAL607-0637,,調整ﾌﾞﾛｯｸ,,2025/5/12 0:00,2025/5/13 0:00,,2025/5/13 0:00,2025/5/14 0:00,2025/5/14 0:00,表面処理,清川ﾒｯｷ工業㈱,4,4,0,4,0,,25-154　三価ｸﾛﾒｰﾄ,部品
305342,3804-00,3804-00,B,#800,,XAL607-0815,,ﾛｹｰﾀ1,,2025/5/12 0:00,2025/5/13 0:00,,2025/5/13 0:00,2025/5/14 0:00,2025/5/14 0:00,表面処理,清川ﾒｯｷ工業㈱,2,2,0,2,0,,25-154　三価ｸﾛﾒｰﾄ,部品
305343,3804-00,3804-00,B,#800,,XAL607-0816,,ﾛｹｰﾀ2,,2025/5/12 0:00,2025/5/13 0:00,,2025/5/13 0:00,2025/5/14 0:00,2025/5/14 0:00,表面処理,清川ﾒｯｷ工業㈱,2,2,0,2,0,,25-154　三価ｸﾛﾒｰﾄ,部品
305359,3804-00,3804-00,B,#600,,XAL607-0611,,ﾛﾎﾞｼﾘｽﾃｰ,,2025/5/13 0:00,2025/5/14 0:00,,2025/5/14 0:00,2025/5/15 0:00,2025/5/15 0:00,表面処理,清川ﾒｯｷ工業㈱,1,1,0,1,0,,25-156　白ｱﾙﾏｲﾄ,部品
305360,3804-00,3804-00,B,#700,,XAL607-0710,,ﾛﾎﾞｼﾘｽﾃｰ,,2025/5/13 0:00,2025/5/14 0:00,,2025/5/14 0:00,2025/5/15 0:00,2025/5/15 0:00,表面処理,清川ﾒｯｷ工業㈱,1,1,0,1,0,,25-156　白ｱﾙﾏｲﾄ,部品
305361,3804-00,3804-00,B,#700,,XAL607-0711A,,ﾛﾎﾞｼﾘｽﾃｰ,,2025/5/13 0:00,2025/5/14 0:00,,2025/5/14 0:00,2025/5/15 0:00,2025/5/15 0:00,表面処理,清川ﾒｯｷ工業㈱,1,1,0,1,0,,25-156　白ｱﾙﾏｲﾄ,部品
305367,3804-00,3804-00,B,#600,,XAL607-0622A,,ﾁｬｯｸﾎﾙﾀﾞ,,2025/5/13 0:00,2025/5/14 0:00,,2025/5/14 0:00,2025/5/15 0:00,,表面処理,三和ﾒｯｷ工業㈱,1,1,0,0,1,,25-155　ｶﾆｾﾞﾝ(A5052),部品
305369,3804-00,3804-00,B,#100,,XAL607-0139,,ｽﾍﾟｰｻ,,2025/5/13 0:00,2025/5/14 0:00,,2025/5/14 0:00,2025/5/15 0:00,,表面処理,三和ﾒｯｷ工業㈱,4,4,0,0,4,,25-155　ｶﾆｾﾞﾝ,部品
305370,3804-00,3804-00,B,#100,,XAL607-0140,,ｽﾃｰ,,2025/5/13 0:00,2025/5/14 0:00,,2025/5/14 0:00,2025/5/15 0:00,,表面処理,三和ﾒｯｷ工業㈱,4,4,0,0,4,,25-155　ｶﾆｾﾞﾝ,部品
305371,3804-00,3804-00,B,#200,,XAL607-0219A,,ﾍﾞﾙﾄｽﾃｰ,,2025/5/13 0:00,2025/5/14 0:00,,2025/5/14 0:00,2025/5/15 0:00,,表面処理,三和ﾒｯｷ工業㈱,4,4,0,0,4,,25-155　ｶﾆｾﾞﾝ,部品
305372,3804-00,3804-00,B,#200,,XAL607-0226A,,たわみ防止ｽﾃｰ,,2025/5/13 0:00,2025/5/14 0:00,,2025/5/14 0:00,2025/5/15 0:00,,表面処理,三和ﾒｯｷ工業㈱,1,1,0,0,1,,25-155　ｶﾆｾﾞﾝ,部品
305373,3804-00,3804-00,B,#400,,XAL607-0425(K-1),,ﾅｯﾄｽﾃｰ,※ﾅｯﾄ支給(MR90X2.0P),2025/5/13 0:00,2025/5/14 0:00,,2025/5/14 0:00,2025/5/15 0:00,,表面処理,三和ﾒｯｷ工業㈱,1,1,0,0,1,,25-155　ｶﾆｾﾞﾝ,部品
305374,3804-00,3804-00,B,#400,,XAL607-0426,,ﾍﾞｱﾘﾝｸﾞｹｰｽ,,2025/5/13 0:00,2025/5/14 0:00,,2025/5/14 0:00,2025/5/15 0:00,,表面処理,三和ﾒｯｷ工業㈱,1,1,0,0,1,,25-155　ｶﾆｾﾞﾝ,部品
305375,3804-00,3804-00,B,#400,,XAL607-0427,,ﾍﾞｱﾘﾝｸﾞｵｻｴ,,2025/5/13 0:00,2025/5/14 0:00,,2025/5/14 0:00,2025/5/15 0:00,,表面処理,三和ﾒｯｷ工業㈱,1,1,0,0,1,,25-155　ｶﾆｾﾞﾝ,部品
305376,3804-00,3804-00,B,#400,,XAL607-0428,,ﾍﾞｱﾘﾝｸﾞｶﾗｰ,,2025/5/13 0:00,2025/5/14 0:00,,2025/5/14 0:00,2025/5/15 0:00,,表面処理,三和ﾒｯｷ工業㈱,1,1,0,0,1,,25-155　ｶﾆｾﾞﾝ,部品
305377,3804-00,3804-00,B,#400,,XAL607-0429C,,ｼﾞｮｲﾝﾄ,※全加工,2025/5/13 0:00,2025/5/14 0:00,,2025/5/14 0:00,2025/5/15 0:00,,表面処理,三和ﾒｯｷ工業㈱,1,1,0,0,1,,25-155　ｶﾆｾﾞﾝ,部品
305378,3804-00,3804-00,B,#400,,XAL607-0431,,ﾓｰﾀ固定板,,2025/5/13 0:00,2025/5/14 0:00,,2025/5/14 0:00,2025/5/15 0:00,,表面処理,三和ﾒｯｷ工業㈱,1,1,0,0,1,,25-155　ｶﾆｾﾞﾝ,部品
305379,3804-00,3804-00,B,#500,,XAL607-0431,,ﾓｰﾀ固定板,,2025/5/13 0:00,2025/5/14 0:00,,2025/5/14 0:00,2025/5/15 0:00,,表面処理,三和ﾒｯｷ工業㈱,1,1,0,0,1,,25-155　ｶﾆｾﾞﾝ,部品
305380,3804-00,3804-00,B,#500,,XAL607-0523,,ﾍﾞｱﾘﾝｸﾞｹｰｽ,,2025/5/13 0:00,2025/5/14 0:00,,2025/5/14 0:00,2025/5/15 0:00,,表面処理,三和ﾒｯｷ工業㈱,1,1,0,0,1,,25-155　ｶﾆｾﾞﾝ,部品
305381,3804-00,3804-00,B,#500,,XAL607-0524,,ﾍﾞｱﾘﾝｸﾞｵｻｴ,,2025/5/13 0:00,2025/5/14 0:00,,2025/5/14 0:00,2025/5/15 0:00,,表面処理,三和ﾒｯｷ工業㈱,1,1,0,0,1,,25-155　ｶﾆｾﾞﾝ,部品
305382,3804-00,3804-00,B,#500,,XAL607-0526A,,ｼﾞｮｲﾝﾄ,※全加工,2025/5/13 0:00,2025/5/14 0:00,,2025/5/14 0:00,2025/5/15 0:00,,表面処理,三和ﾒｯｷ工業㈱,1,1,0,0,1,,25-155　ｶﾆｾﾞﾝ,部品
305383,3804-00,3804-00,B,#700,,XAL607-0725(K-1),,ﾛｰﾗｰBKT R1,,2025/5/13 0:00,2025/5/14 0:00,,2025/5/14 0:00,2025/5/15 0:00,,表面処理,三和ﾒｯｷ工業㈱,1,1,0,0,1,,25-155　ｶﾆｾﾞﾝ,部品
305384,3804-00,3804-00,B,#700,,XAL607-0726A,,ﾛｰﾗｰBKT L1,,2025/5/13 0:00,2025/5/14 0:00,,2025/5/14 0:00,2025/5/15 0:00,,表面処理,三和ﾒｯｷ工業㈱,1,1,0,0,1,,25-155　ｶﾆｾﾞﾝ,部品
305596,3804-00,3804-00,B,#500,,XAL607-0533,,補強ﾘﾌﾞ1,,2025/5/14 0:00,2025/5/15 0:00,,2025/5/15 0:00,2025/5/15 0:00,2025/5/15 0:00,表面処理,清川ﾒｯｷ工業㈱,2,2,0,2,0,,25-158　ｶﾆｾﾞﾝ,部品
305597,3804-00,3804-00,B,#500,,XAL607-0534,,補強ﾘﾌﾞ2,,2025/5/14 0:00,2025/5/15 0:00,,2025/5/15 0:00,2025/5/15 0:00,2025/5/15 0:00,表面処理,清川ﾒｯｷ工業㈱,2,2,0,2,0,,25-158　ｶﾆｾﾞﾝ,部品
305786,3804-00,3804-00,B,#100,,XAL607-0121,,ｽﾄｯﾊﾟｱｰﾑ,,2025/5/15 0:00,2025/5/16 0:00,,2025/5/16 0:00,2025/5/19 0:00,2025/5/19 0:00,表面処理,清川ﾒｯｷ工業㈱,2,2,0,2,0,,25-160　ｶﾆｾﾞﾝ,部品
305787,3804-00,3804-00,B,#100,,XAL607-0122,,ｽﾄｯﾊﾟｱｰﾑ,,2025/5/15 0:00,2025/5/16 0:00,,2025/5/16 0:00,2025/5/19 0:00,2025/5/19 0:00,表面処理,清川ﾒｯｷ工業㈱,2,2,0,2,0,,25-160　ｶﾆｾﾞﾝ,部品
305788,3804-00,3804-00,B,#100,,XAL607-0123A,,ｱﾌﾞｿｰﾊﾞ受,,2025/5/15 0:00,2025/5/16 0:00,,2025/5/16 0:00,2025/5/19 0:00,2025/5/19 0:00,表面処理,清川ﾒｯｷ工業㈱,2,2,0,2,0,,25-160　ｶﾆｾﾞﾝ,部品
305789,3804-00,3804-00,B,#400,,XAL607-0433,,ﾃﾝｼｮﾝ調整板,,2025/5/15 0:00,2025/5/16 0:00,,2025/5/16 0:00,2025/5/19 0:00,2025/5/19 0:00,表面処理,清川ﾒｯｷ工業㈱,1,1,0,1,0,,25-160　三価ｸﾛﾒｰﾄ,部品
305790,3804-00,3804-00,B,#500,,XAL607-0433,,ﾃﾝｼｮﾝ調整板,,2025/5/15 0:00,2025/5/16 0:00,,2025/5/16 0:00,2025/5/19 0:00,2025/5/19 0:00,表面処理,清川ﾒｯｷ工業㈱,1,1,0,1,0,,25-160　三価ｸﾛﾒｰﾄ,部品
305791,3804-00,3804-00,B,#600,,XAL607-0612A,,ﾛﾎﾞｼﾘｽﾃｰ,,2025/5/15 0:00,2025/5/16 0:00,,2025/5/16 0:00,2025/5/19 0:00,2025/5/19 0:00,表面処理,清川ﾒｯｷ工業㈱,1,1,0,1,0,,25-160　白ｱﾙﾏｲﾄ,部品
305798,3804-00,3804-00,B,#100,,XAL607-0129E,,真空ﾃｰﾌﾞﾙ04,,2025/5/15 0:00,2025/5/16 0:00,,2025/5/16 0:00,2025/5/23 0:00,,表面処理,三和ﾒｯｷ工業㈱,1,1,0,0,1,,25-159　硬質ｱﾙﾏｲﾄ(ﾏｽｷﾝｸﾞ有),部品
305799,3804-00,3804-00,B,#100,,XAL607-0130D,,真空ﾃｰﾌﾞﾙ05,,2025/5/15 0:00,2025/5/16 0:00,,2025/5/16 0:00,2025/5/23 0:00,,表面処理,三和ﾒｯｷ工業㈱,1,1,0,0,1,,25-159　硬質ｱﾙﾏｲﾄ(ﾏｽｷﾝｸﾞ有),部品
305800,3804-00,3804-00,B,#100,,XAL607-0131D,,真空ﾃｰﾌﾞﾙ06,,2025/5/15 0:00,2025/5/16 0:00,,2025/5/16 0:00,2025/5/23 0:00,,表面処理,三和ﾒｯｷ工業㈱,1,1,0,0,1,,25-159　硬質ｱﾙﾏｲﾄ(ﾏｽｷﾝｸﾞ有),部品
305801,3804-00,3804-00,B,#200,,XAL607-0212,,ｺﾝﾍﾞｱﾌﾚｰﾑ3,,2025/5/15 0:00,2025/5/16 0:00,,2025/5/16 0:00,2025/5/20 0:00,,表面処理,三和ﾒｯｷ工業㈱,2,2,0,0,2,,25-159　白ｱﾙﾏｲﾄ,部品
305802,3804-00,3804-00,B,#200,,XAL607-0213A,,ｺﾝﾍﾞｱﾌﾚｰﾑ4,,2025/5/15 0:00,2025/5/16 0:00,,2025/5/16 0:00,2025/5/20 0:00,,表面処理,三和ﾒｯｷ工業㈱,1,1,0,0,1,,25-159　白ｱﾙﾏｲﾄ,部品
305803,3804-00,3804-00,B,#200,,XAL607-0214,,ｺﾝﾍﾞｱﾌﾚｰﾑ5,,2025/5/15 0:00,2025/5/16 0:00,,2025/5/16 0:00,2025/5/20 0:00,,表面処理,三和ﾒｯｷ工業㈱,1,1,0,0,1,,25-159　白ｱﾙﾏｲﾄ,部品
305804,3804-00,3804-00,B,#200,,XAL607-0215,,ｺﾝﾍﾞｱﾌﾚｰﾑ6,,2025/5/15 0:00,2025/5/16 0:00,,2025/5/16 0:00,2025/5/20 0:00,,表面処理,三和ﾒｯｷ工業㈱,1,1,0,0,1,,25-159　白ｱﾙﾏｲﾄ,部品
305805,3804-00,3804-00,B,#200,,XAL607-0232,,ﾋﾝｼﾞﾍﾞｰｽ,※購入品支給(HGBTM14-W22-H35),2025/5/15 0:00,2025/5/16 0:00,,2025/5/16 0:00,2025/5/20 0:00,,表面処理,三和ﾒｯｷ工業㈱,2,2,0,0,2,,25-159　ｶﾆｾﾞﾝ(ﾊｸﾘ後再ﾒｯｷ),部品
305806,3804-00,3804-00,B,#400,,XAL607-0436,,ｾﾝｻBKT,,2025/5/15 0:00,2025/5/16 0:00,,2025/5/16 0:00,2025/5/21 0:00,,表面処理,三和ﾒｯｷ工業㈱,1,1,0,0,1,,25-159　ｶﾆｾﾞﾝ(ｱﾙﾐ),部品
305807,3804-00,3804-00,B,#400,,XAL607-0437,,ｼﾘﾝﾀﾞBKT,,2025/5/15 0:00,2025/5/16 0:00,,2025/5/16 0:00,2025/5/21 0:00,,表面処理,三和ﾒｯｷ工業㈱,1,1,0,0,1,,25-159　ｶﾆｾﾞﾝ(ｱﾙﾐ),部品
305896,3804-00,3804-00,B,#200,,XAL607-0210C,,ｺﾝﾍﾞｱﾌﾚｰﾑ1,,2025/5/16 0:00,2025/5/19 0:00,,2025/5/19 0:00,2025/5/21 0:00,,表面処理,三和ﾒｯｷ工業㈱,1,1,0,0,1,,25-161　ｶﾆｾﾞﾝ(ｱﾙﾐ)ﾏｽｷﾝｸﾞ有,部品
305897,3804-00,3804-00,B,#200,,XAL607-0211D,,ｺﾝﾍﾞｱﾌﾚｰﾑ2,,2025/5/16 0:00,2025/5/19 0:00,,2025/5/19 0:00,2025/5/21 0:00,,表面処理,三和ﾒｯｷ工業㈱,1,1,0,0,1,,25-161　ｶﾆｾﾞﾝ(ｱﾙﾐ)ﾏｽｷﾝｸﾞ有,部品
305898,3804-00,3804-00,B,#300,,XAL607-0315A,,ｸﾗﾝﾊﾟ,,2025/5/16 0:00,2025/5/19 0:00,,2025/5/19 0:00,2025/5/21 0:00,,表面処理,三和ﾒｯｷ工業㈱,4,4,0,0,4,,25-161　ｶﾆｾﾞﾝ(15μm),部品
305899,3804-00,3804-00,B,#600,,XAL607-0613,,ｶﾞｲﾄﾞﾌﾟﾚｰﾄ,,2025/5/16 0:00,2025/5/19 0:00,,2025/5/19 0:00,2025/5/21 0:00,,表面処理,三和ﾒｯｷ工業㈱,1,1,0,0,1,,25-161　ｶﾆｾﾞﾝ(ｱﾙﾐ),部品
305900,3804-00,3804-00,B,#600,,XAL607-0614,,ｶﾞｲﾄﾞﾌﾟﾚｰﾄ,,2025/5/16 0:00,2025/5/19 0:00,,2025/5/19 0:00,2025/5/21 0:00,,表面処理,三和ﾒｯｷ工業㈱,1,1,0,0,1,,25-161　ｶﾆｾﾞﾝ(ｱﾙﾐ),部品
305901,3804-00,3804-00,B,#600,,XAL607-0625A,,旋回軸,,2025/5/16 0:00,2025/5/19 0:00,,2025/5/19 0:00,2025/5/19 0:00,,表面処理,三和ﾒｯｷ工業㈱,1,1,0,0,1,,25-161　硬質ｸﾛﾑ,部品
305902,3804-00,3804-00,B,#200,,XAL607-0227A,,たわみ防止ｽﾃｰ,,2025/5/16 0:00,2025/5/19 0:00,,2025/5/19 0:00,2025/5/20 0:00,2025/5/20 0:00,表面処理,清川ﾒｯｷ工業㈱,1,1,0,1,0,,25-162　ｶﾆｾﾞﾝ,部品
305903,3804-00,3804-00,B,#200,,XAL607-0230A,,ｹﾞｰﾄ,,2025/5/16 0:00,2025/5/19 0:00,,2025/5/19 0:00,2025/5/20 0:00,2025/5/20 0:00,表面処理,清川ﾒｯｷ工業㈱,1,1,0,1,0,,25-162　ｶﾆｾﾞﾝ,部品
306513,3804-00,3804-00,B,#600,,XAL607-0626,,旋回軸,,2025/5/19 0:00,2025/5/20 0:00,,2025/5/20 0:00,2025/5/21 0:00,,表面処理,三和ﾒｯｷ工業㈱,1,1,0,0,1,,25-163　ｶﾆｾﾞﾝ,部品
306514,3804-00,3804-00,B,#600,,XAL607-0631,,ﾍﾞｱﾘﾝｸﾞｹｰｽ,,2025/5/19 0:00,2025/5/20 0:00,,2025/5/20 0:00,2025/5/21 0:00,,表面処理,三和ﾒｯｷ工業㈱,1,1,0,0,1,,25-163　ｶﾆｾﾞﾝ,部品
308682,3804-00,3804-00,B,#800,,XAL607-0810E,,ﾍﾞｰｽﾌﾚｰﾑ,"XAL607-0810-1E,-0810-2E",2025/5/20 0:00,2025/5/28 0:00,,2025/5/28 0:00,2025/5/21 0:00,,表面処理,ﾅﾆﾜ産業㈱,1,1,0,0,1,,ﾏﾝｾﾙ2.5GY6/2　668*1300*1400,部品
308701,3804-00,3804-00,B,#400,,XAL607-0417A,,ｶﾞｲﾄﾞﾌﾟﾚｰﾄ,,2025/5/21 0:00,2025/5/22 0:00,,2025/5/22 0:00,2025/5/28 0:00,,表面処理,清川ﾒｯｷ工業㈱,1,1,0,0,1,,25-166　ｶﾆｾﾞﾝ,部品
308702,3804-00,3804-00,B,#500,,XAL607-0514C,,ｶﾞｲﾄﾞﾌﾟﾚｰﾄ,,2025/5/21 0:00,2025/5/22 0:00,,2025/5/22 0:00,2025/5/28 0:00,,表面処理,清川ﾒｯｷ工業㈱,1,1,0,0,1,,25-166　ｶﾆｾﾞﾝ,部品
308703,3804-00,3804-00,B,#500,,XAL607-0518C,,ﾍｯﾄﾞ板,,2025/5/21 0:00,2025/5/22 0:00,,2025/5/22 0:00,2025/5/28 0:00,,表面処理,清川ﾒｯｷ工業㈱,1,1,0,0,1,,25-166　ｶﾆｾﾞﾝ,部品
308716,3804-00,3804-00,B,#100,,XAL607-0124F,,真空ﾃｰﾌﾞﾙ01,,2025/5/21 0:00,2025/5/22 0:00,,2025/5/22 0:00,2025/5/23 0:00,,表面処理,三和ﾒｯｷ工業㈱,1,1,0,0,1,,25-165　硬質ｸﾛﾑ,部品
308717,3804-00,3804-00,B,#100,,XAL607-0125D,,真空ﾃｰﾌﾞﾙ02,,2025/5/21 0:00,2025/5/22 0:00,,2025/5/22 0:00,2025/5/23 0:00,,表面処理,三和ﾒｯｷ工業㈱,1,1,0,0,1,,25-165　硬質ｸﾛﾑ,部品
308718,3804-00,3804-00,B,#100,,XAL607-0126D,,真空ﾃｰﾌﾞﾙ03,,2025/5/21 0:00,2025/5/22 0:00,,2025/5/22 0:00,2025/5/23 0:00,,表面処理,三和ﾒｯｷ工業㈱,1,1,0,0,1,,25-165　硬質ｸﾛﾑ,部品
308719,3804-00,3804-00,B,#500,,XAL607-0522(K-1),,ﾅｯﾄｽﾃｰ,※ﾅｯﾄ支給　(PLN55),2025/5/21 0:00,2025/5/22 0:00,,2025/5/22 0:00,2025/5/23 0:00,,表面処理,三和ﾒｯｷ工業㈱,1,1,0,0,1,,25-165　ｶﾆｾﾞﾝ,部品
